date,language,country,new_cases,new_edits,label
2019-12-31,English,United States,0.0,0.0,Global Event
2020-01-01,English,United States,0.0,0.0,
2020-01-02,English,United States,0.0,0.0,
2020-01-03,English,United States,0.0,0.0,
2020-01-04,English,United States,0.0,0.0,
2020-01-05,English,United States,0.0,3.0,
2020-01-06,English,United States,0.0,20.0,
2020-01-07,English,United States,0.0,23.0,Global Event
2020-01-08,English,United States,0.0,14.0,
2020-01-09,English,United States,0.0,11.0,
2020-01-10,English,United States,0.0,24.0,
2020-01-11,English,United States,0.0,14.0,
2020-01-12,English,United States,0.0,14.0,
2020-01-13,English,United States,0.0,14.0,
2020-01-14,English,United States,0.0,27.0,
2020-01-15,English,United States,0.0,57.0,
2020-01-16,English,United States,0.0,62.0,
2020-01-17,English,United States,0.0,24.0,
2020-01-18,English,United States,0.0,92.0,
2020-01-19,English,United States,0.0,52.0,
2020-01-20,English,United States,0.0,126.0,
2020-01-21,English,United States,1.0,227.0,First case
2020-01-22,English,United States,0.0,327.0,
2020-01-23,English,United States,0.0,511.0,
2020-01-24,English,United States,0.0,442.0,
2020-01-25,English,United States,1.0,602.0,
2020-01-26,English,United States,0.0,904.0,
2020-01-27,English,United States,3.0,328.0,
2020-01-28,English,United States,0.0,315.0,
2020-01-29,English,United States,0.0,170.0,
2020-01-30,English,United States,0.0,268.0,Global Event
2020-01-31,English,United States,1.0,272.0,
2020-02-01,English,United States,1.0,257.0,
2020-02-02,English,United States,1.0,230.0,
2020-02-03,English,United States,3.0,340.0,
2020-02-04,English,United States,0.0,238.0,
2020-02-05,English,United States,0.0,276.0,
2020-02-06,English,United States,1.0,229.0,
2020-02-07,English,United States,0.0,180.0,
2020-02-08,English,United States,0.0,144.0,
2020-02-09,English,United States,0.0,121.0,
2020-02-10,English,United States,0.0,133.0,
2020-02-11,English,United States,1.0,101.0,
2020-02-12,English,United States,0.0,123.0,
2020-02-13,English,United States,1.0,278.0,
2020-02-14,English,United States,1.0,121.0,
2020-02-15,English,United States,0.0,123.0,
2020-02-16,English,United States,0.0,119.0,
2020-02-17,English,United States,0.0,132.0,
2020-02-18,English,United States,0.0,126.0,
2020-02-19,English,United States,0.0,174.0,
2020-02-20,English,United States,0.0,146.0,
2020-02-21,English,United States,1.0,75.0,
2020-02-22,English,United States,19.0,104.0,
2020-02-23,English,United States,0.0,119.0,
2020-02-24,English,United States,0.0,231.0,
2020-02-25,English,United States,18.0,238.0,
2020-02-26,English,United States,0.0,223.0,
2020-02-27,English,United States,6.0,219.0,
2020-02-28,English,United States,1.0,233.0,
2020-02-29,English,United States,6.0,172.0,
2020-03-01,English,United States,3.0,188.0,First death
2020-03-02,English,United States,20.0,210.0,
2020-03-03,English,United States,14.0,169.0,
2020-03-04,English,United States,22.0,90.0,
2020-03-05,English,United States,34.0,103.0,
2020-03-06,English,United States,74.0,120.0,
2020-03-07,English,United States,105.0,151.0,
2020-03-08,English,United States,95.0,165.0,
2020-03-09,English,United States,121.0,154.0,
2020-03-10,English,United States,200.0,226.0,
2020-03-11,English,United States,271.0,259.0,
2020-03-12,English,United States,287.0,236.0,Global Event
2020-03-13,English,United States,351.0,291.0,
2020-03-14,English,United States,511.0,378.0,
2020-03-15,English,United States,777.0,303.0,
2020-03-16,English,United States,823.0,334.0,
2020-03-17,English,United States,887.0,309.0,
2020-03-18,English,United States,1766.0,243.0,
2020-03-19,English,United States,2988.0,262.0,Lockdown
2020-03-20,English,United States,4835.0,352.0,
2020-03-21,English,United States,5374.0,265.0,
2020-03-22,English,United States,7123.0,274.0,
2020-03-23,English,United States,8459.0,300.0,
2020-03-24,English,United States,11236.0,271.0,
2020-03-25,English,United States,8789.0,276.0,
2020-03-26,English,United States,13963.0,239.0,
2020-03-27,English,United States,16797.0,199.0,
2020-03-28,English,United States,18695.0,202.0,
2020-03-29,English,United States,19979.0,357.0,
2020-03-30,English,United States,18360.0,178.0,
2020-03-31,English,United States,21595.0,173.0,
2020-04-01,English,United States,24998.0,161.0,
2020-04-02,English,United States,27103.0,115.0,
2020-04-03,English,United States,28819.0,160.0,
2020-04-04,English,United States,32425.0,111.0,
2020-04-05,English,United States,34272.0,94.0,
2020-04-06,English,United States,25398.0,91.0,
2020-04-07,English,United States,30561.0,123.0,
2020-04-08,English,United States,30613.0,115.0,
2020-04-09,English,United States,33323.0,110.0,
2020-04-10,English,United States,33901.0,89.0,
2020-04-11,English,United States,35527.0,130.0,
2020-04-12,English,United States,28391.0,110.0,
2020-04-13,English,United States,27620.0,121.0,
2020-04-14,English,United States,25023.0,75.0,
2020-04-15,English,United States,26922.0,59.0,
2020-04-16,English,United States,30148.0,72.0,
2020-04-17,English,United States,31667.0,70.0,
2020-04-18,English,United States,30833.0,85.0,
2020-04-19,English,United States,32922.0,66.0,
2020-04-20,English,United States,24601.0,66.0,
2019-12-31,Italian,Italy,0.0,0.0,Global Event
2020-01-01,Italian,Italy,0.0,0.0,
2020-01-02,Italian,Italy,0.0,0.0,
2020-01-03,Italian,Italy,0.0,0.0,
2020-01-04,Italian,Italy,0.0,0.0,
2020-01-05,Italian,Italy,0.0,0.0,
2020-01-06,Italian,Italy,0.0,0.0,
2020-01-07,Italian,Italy,0.0,0.0,Global Event
2020-01-08,Italian,Italy,0.0,0.0,
2020-01-09,Italian,Italy,0.0,0.0,
2020-01-10,Italian,Italy,0.0,0.0,
2020-01-11,Italian,Italy,0.0,0.0,
2020-01-12,Italian,Italy,0.0,0.0,
2020-01-13,Italian,Italy,0.0,0.0,
2020-01-14,Italian,Italy,0.0,0.0,
2020-01-15,Italian,Italy,0.0,0.0,
2020-01-16,Italian,Italy,0.0,0.0,
2020-01-17,Italian,Italy,0.0,0.0,
2020-01-18,Italian,Italy,0.0,0.0,
2020-01-19,Italian,Italy,0.0,0.0,
2020-01-20,Italian,Italy,0.0,0.0,
2020-01-21,Italian,Italy,0.0,0.0,
2020-01-22,Italian,Italy,0.0,24.0,
2020-01-23,Italian,Italy,0.0,24.0,
2020-01-24,Italian,Italy,0.0,21.0,
2020-01-25,Italian,Italy,0.0,36.0,
2020-01-26,Italian,Italy,0.0,28.0,
2020-01-27,Italian,Italy,0.0,25.0,
2020-01-28,Italian,Italy,0.0,27.0,
2020-01-29,Italian,Italy,0.0,43.0,
2020-01-30,Italian,Italy,0.0,46.0,Global Event
2020-01-31,Italian,Italy,3.0,54.0,First case
2020-02-01,Italian,Italy,0.0,17.0,
2020-02-02,Italian,Italy,0.0,34.0,
2020-02-03,Italian,Italy,0.0,2.0,
2020-02-04,Italian,Italy,0.0,9.0,
2020-02-05,Italian,Italy,0.0,5.0,
2020-02-06,Italian,Italy,0.0,2.0,
2020-02-07,Italian,Italy,0.0,5.0,
2020-02-08,Italian,Italy,0.0,17.0,
2020-02-09,Italian,Italy,0.0,18.0,
2020-02-10,Italian,Italy,0.0,22.0,
2020-02-11,Italian,Italy,0.0,30.0,
2020-02-12,Italian,Italy,0.0,35.0,
2020-02-13,Italian,Italy,0.0,22.0,
2020-02-14,Italian,Italy,0.0,28.0,
2020-02-15,Italian,Italy,0.0,23.0,
2020-02-16,Italian,Italy,0.0,27.0,
2020-02-17,Italian,Italy,0.0,22.0,
2020-02-18,Italian,Italy,0.0,20.0,
2020-02-19,Italian,Italy,0.0,13.0,
2020-02-20,Italian,Italy,0.0,11.0,
2020-02-21,Italian,Italy,0.0,77.0,
2020-02-22,Italian,Italy,14.0,69.0,
2020-02-23,Italian,Italy,62.0,58.0,First death
2020-02-24,Italian,Italy,53.0,38.0,
2020-02-25,Italian,Italy,97.0,74.0,
2020-02-26,Italian,Italy,93.0,68.0,
2020-02-27,Italian,Italy,78.0,95.0,
2020-02-28,Italian,Italy,250.0,31.0,
2020-02-29,Italian,Italy,238.0,6.0,
2020-03-01,Italian,Italy,240.0,17.0,
2020-03-02,Italian,Italy,561.0,31.0,
2020-03-03,Italian,Italy,347.0,9.0,
2020-03-04,Italian,Italy,466.0,13.0,
2020-03-05,Italian,Italy,587.0,11.0,
2020-03-06,Italian,Italy,769.0,24.0,
2020-03-07,Italian,Italy,778.0,15.0,
2020-03-08,Italian,Italy,1247.0,23.0,
2020-03-09,Italian,Italy,1492.0,25.0,Lockdown
2020-03-10,Italian,Italy,1797.0,23.0,
2020-03-11,Italian,Italy,977.0,34.0,
2020-03-12,Italian,Italy,2313.0,27.0,Global Event
2020-03-13,Italian,Italy,2651.0,12.0,
2020-03-14,Italian,Italy,2547.0,12.0,
2020-03-15,Italian,Italy,3497.0,5.0,
2020-03-16,Italian,Italy,2823.0,5.0,
2020-03-17,Italian,Italy,4000.0,9.0,
2020-03-18,Italian,Italy,3526.0,8.0,
2020-03-19,Italian,Italy,4207.0,12.0,
2020-03-20,Italian,Italy,5322.0,13.0,
2020-03-21,Italian,Italy,5986.0,8.0,
2020-03-22,Italian,Italy,6557.0,3.0,
2020-03-23,Italian,Italy,5560.0,8.0,
2020-03-24,Italian,Italy,4789.0,3.0,
2020-03-25,Italian,Italy,5249.0,4.0,
2020-03-26,Italian,Italy,5210.0,4.0,
2020-03-27,Italian,Italy,6153.0,7.0,
2020-03-28,Italian,Italy,5959.0,6.0,
2020-03-29,Italian,Italy,5974.0,1.0,
2020-03-30,Italian,Italy,5217.0,5.0,
2020-03-31,Italian,Italy,4050.0,3.0,
2020-04-01,Italian,Italy,4053.0,5.0,
2020-04-02,Italian,Italy,4782.0,4.0,
2020-04-03,Italian,Italy,4668.0,14.0,
2020-04-04,Italian,Italy,4585.0,14.0,
2020-04-05,Italian,Italy,4805.0,9.0,
2020-04-06,Italian,Italy,4316.0,4.0,
2020-04-07,Italian,Italy,3599.0,9.0,
2020-04-08,Italian,Italy,3039.0,7.0,
2020-04-09,Italian,Italy,3836.0,8.0,
2020-04-10,Italian,Italy,4204.0,7.0,
2020-04-11,Italian,Italy,3951.0,28.0,
2020-04-12,Italian,Italy,4694.0,4.0,
2020-04-13,Italian,Italy,4092.0,3.0,
2020-04-14,Italian,Italy,3153.0,6.0,
2020-04-15,Italian,Italy,2972.0,8.0,
2020-04-16,Italian,Italy,2667.0,8.0,
2020-04-17,Italian,Italy,3786.0,7.0,
2020-04-18,Italian,Italy,3493.0,20.0,
2020-04-19,Italian,Italy,3491.0,11.0,
2020-04-20,Italian,Italy,3047.0,4.0,
2019-12-31,French,France,0.0,0.0,Global Event
2020-01-01,French,France,0.0,0.0,
2020-01-02,French,France,0.0,0.0,
2020-01-03,French,France,0.0,0.0,
2020-01-04,French,France,0.0,0.0,
2020-01-05,French,France,0.0,0.0,
2020-01-06,French,France,0.0,0.0,
2020-01-07,French,France,0.0,0.0,Global Event
2020-01-08,French,France,0.0,0.0,
2020-01-09,French,France,0.0,0.0,
2020-01-10,French,France,0.0,0.0,
2020-01-11,French,France,0.0,0.0,
2020-01-12,French,France,0.0,0.0,
2020-01-13,French,France,0.0,0.0,
2020-01-14,French,France,0.0,0.0,
2020-01-15,French,France,0.0,0.0,
2020-01-16,French,France,0.0,0.0,
2020-01-17,French,France,0.0,0.0,
2020-01-18,French,France,0.0,0.0,
2020-01-19,French,France,0.0,14.0,
2020-01-20,French,France,0.0,12.0,
2020-01-21,French,France,0.0,23.0,
2020-01-22,French,France,0.0,44.0,
2020-01-23,French,France,0.0,61.0,
2020-01-24,French,France,0.0,105.0,
2020-01-25,French,France,3.0,114.0,First case
2020-01-26,French,France,0.0,144.0,
2020-01-27,French,France,0.0,124.0,
2020-01-28,French,France,0.0,141.0,
2020-01-29,French,France,1.0,128.0,
2020-01-30,French,France,1.0,209.0,Global Event
2020-01-31,French,France,1.0,244.0,
2020-02-01,French,France,0.0,104.0,
2020-02-02,French,France,0.0,118.0,
2020-02-03,French,France,0.0,83.0,
2020-02-04,French,France,0.0,58.0,
2020-02-05,French,France,0.0,87.0,
2020-02-06,French,France,0.0,13.0,
2020-02-07,French,France,0.0,103.0,
2020-02-08,French,France,5.0,92.0,
2020-02-09,French,France,0.0,68.0,
2020-02-10,French,France,0.0,48.0,
2020-02-11,French,France,0.0,57.0,
2020-02-12,French,France,0.0,40.0,
2020-02-13,French,France,0.0,58.0,
2020-02-14,French,France,0.0,54.0,
2020-02-15,French,France,0.0,41.0,First death
2020-02-16,French,France,0.0,32.0,
2020-02-17,French,France,1.0,38.0,
2020-02-18,French,France,0.0,52.0,
2020-02-19,French,France,0.0,48.0,
2020-02-20,French,France,0.0,32.0,
2020-02-21,French,France,0.0,35.0,
2020-02-22,French,France,0.0,90.0,
2020-02-23,French,France,0.0,87.0,
2020-02-24,French,France,0.0,93.0,
2020-02-25,French,France,0.0,120.0,
2020-02-26,French,France,2.0,147.0,
2020-02-27,French,France,3.0,158.0,
2020-02-28,French,France,21.0,183.0,
2020-02-29,French,France,19.0,183.0,
2020-03-01,French,France,43.0,164.0,
2020-03-02,French,France,30.0,174.0,
2020-03-03,French,France,48.0,70.0,
2020-03-04,French,France,34.0,67.0,
2020-03-05,French,France,73.0,81.0,
2020-03-06,French,France,138.0,78.0,
2020-03-07,French,France,190.0,46.0,
2020-03-08,French,France,103.0,37.0,
2020-03-09,French,France,410.0,51.0,
2020-03-10,French,France,286.0,56.0,
2020-03-11,French,France,372.0,121.0,
2020-03-12,French,France,497.0,103.0,Global Event
2020-03-13,French,France,595.0,210.0,Lockdown
2020-03-14,French,France,785.0,127.0,
2020-03-15,French,France,838.0,137.0,
2020-03-16,French,France,924.0,231.0,
2020-03-17,French,France,1210.0,48.0,
2020-03-18,French,France,1097.0,122.0,
2020-03-19,French,France,1404.0,69.0,
2020-03-20,French,France,1861.0,92.0,
2020-03-21,French,France,1617.0,93.0,
2020-03-22,French,France,1847.0,62.0,
2020-03-23,French,France,1559.0,79.0,
2020-03-24,French,France,3838.0,68.0,
2020-03-25,French,France,2446.0,71.0,
2020-03-26,French,France,2931.0,64.0,
2020-03-27,French,France,3922.0,145.0,
2020-03-28,French,France,3809.0,94.0,
2020-03-29,French,France,4611.0,68.0,
2020-03-30,French,France,2599.0,57.0,
2020-03-31,French,France,4376.0,46.0,
2020-04-01,French,France,7578.0,76.0,
2020-04-02,French,France,4861.0,89.0,
2020-04-03,French,France,2116.0,71.0,
2020-04-04,French,France,5233.0,60.0,
2020-04-05,French,France,4267.0,47.0,
2020-04-06,French,France,1873.0,61.0,
2020-04-07,French,France,3912.0,67.0,
2020-04-08,French,France,3777.0,47.0,
2020-04-09,French,France,3881.0,54.0,
2020-04-10,French,France,4286.0,27.0,
2020-04-11,French,France,4342.0,23.0,
2020-04-12,French,France,3114.0,22.0,
2020-04-13,French,France,1613.0,16.0,
2020-04-14,French,France,2673.0,32.0,
2020-04-15,French,France,5497.0,54.0,
2020-04-16,French,France,2633.0,40.0,
2020-04-17,French,France,2641.0,25.0,
2020-04-18,French,France,405.0,18.0,
2020-04-19,French,France,2569.0,10.0,
2020-04-20,French,France,785.0,36.0,
2019-12-31,Chinese,China,27.0,0.0,Global Event
2020-01-01,Chinese,China,0.0,0.0,
2020-01-02,Chinese,China,0.0,10.0,
2020-01-03,Chinese,China,17.0,11.0,
2020-01-04,Chinese,China,0.0,22.0,
2020-01-05,Chinese,China,15.0,28.0,
2020-01-06,Chinese,China,0.0,5.0,
2020-01-07,Chinese,China,0.0,5.0,Global Event
2020-01-08,Chinese,China,0.0,6.0,
2020-01-09,Chinese,China,0.0,22.0,
2020-01-10,Chinese,China,0.0,1.0,
2020-01-11,Chinese,China,0.0,6.0,First death
2020-01-12,Chinese,China,0.0,1.0,
2020-01-13,Chinese,China,0.0,30.0,
2020-01-14,Chinese,China,0.0,22.0,
2020-01-15,Chinese,China,0.0,2.0,
2020-01-16,Chinese,China,0.0,27.0,
2020-01-17,Chinese,China,4.0,18.0,
2020-01-18,Chinese,China,17.0,27.0,
2020-01-19,Chinese,China,136.0,34.0,
2020-01-20,Chinese,China,19.0,161.0,
2020-01-21,Chinese,China,151.0,536.0,
2020-01-22,Chinese,China,140.0,696.0,
2020-01-23,Chinese,China,97.0,504.0,
2020-01-24,Chinese,China,259.0,223.0,
2020-01-25,Chinese,China,441.0,221.0,
2020-01-26,Chinese,China,665.0,365.0,
2020-01-27,Chinese,China,787.0,133.0,
2020-01-28,Chinese,China,1753.0,93.0,
2020-01-29,Chinese,China,1466.0,44.0,
2020-01-30,Chinese,China,1740.0,45.0,Global Event
2020-01-31,Chinese,China,1980.0,46.0,
2020-02-01,Chinese,China,2095.0,55.0,
2020-02-02,Chinese,China,2590.0,69.0,
2020-02-03,Chinese,China,2812.0,76.0,
2020-02-04,Chinese,China,3237.0,138.0,
2020-02-05,Chinese,China,3872.0,90.0,
2020-02-06,Chinese,China,3727.0,111.0,
2020-02-07,Chinese,China,3160.0,77.0,
2020-02-08,Chinese,China,3418.0,64.0,
2020-02-09,Chinese,China,2607.0,52.0,
2020-02-10,Chinese,China,2974.0,47.0,
2020-02-11,Chinese,China,2490.0,16.0,
2020-02-12,Chinese,China,2028.0,43.0,
2020-02-13,Chinese,China,15141.0,60.0,Lockdown
2020-02-14,Chinese,China,4156.0,39.0,
2020-02-15,Chinese,China,2538.0,18.0,
2020-02-16,Chinese,China,2007.0,14.0,
2020-02-17,Chinese,China,2052.0,21.0,
2020-02-18,Chinese,China,1890.0,9.0,
2020-02-19,Chinese,China,1750.0,9.0,
2020-02-20,Chinese,China,394.0,8.0,
2020-02-21,Chinese,China,891.0,17.0,
2020-02-22,Chinese,China,826.0,9.0,
2020-02-23,Chinese,China,647.0,6.0,
2020-02-24,Chinese,China,218.0,4.0,
2020-02-25,Chinese,China,515.0,7.0,
2020-02-26,Chinese,China,410.0,6.0,
2020-02-27,Chinese,China,439.0,38.0,
2020-02-28,Chinese,China,329.0,57.0,
2020-02-29,Chinese,China,428.0,54.0,
2020-03-01,Chinese,China,574.0,40.0,
2020-03-02,Chinese,China,205.0,3.0,
2020-03-03,Chinese,China,127.0,64.0,
2020-03-04,Chinese,China,119.0,34.0,
2020-03-05,Chinese,China,117.0,35.0,
2020-03-06,Chinese,China,170.0,30.0,
2020-03-07,Chinese,China,101.0,17.0,
2020-03-08,Chinese,China,46.0,20.0,
2020-03-09,Chinese,China,45.0,33.0,
2020-03-10,Chinese,China,20.0,26.0,
2020-03-11,Chinese,China,29.0,23.0,
2020-03-12,Chinese,China,24.0,35.0,Global Event
2020-03-13,Chinese,China,22.0,41.0,
2020-03-14,Chinese,China,19.0,68.0,
2020-03-15,Chinese,China,22.0,27.0,
2020-03-16,Chinese,China,25.0,14.0,
2020-03-17,Chinese,China,43.0,37.0,
2020-03-18,Chinese,China,23.0,39.0,
2020-03-19,Chinese,China,44.0,55.0,
2020-03-20,Chinese,China,99.0,28.0,
2020-03-21,Chinese,China,52.0,59.0,
2020-03-22,Chinese,China,65.0,41.0,
2020-03-23,Chinese,China,138.0,24.0,
2020-03-24,Chinese,China,69.0,65.0,
2020-03-25,Chinese,China,78.0,11.0,
2020-03-26,Chinese,China,102.0,14.0,
2020-03-27,Chinese,China,94.0,35.0,
2020-03-28,Chinese,China,119.0,24.0,
2020-03-29,Chinese,China,113.0,18.0,
2020-03-30,Chinese,China,98.0,9.0,
2020-03-31,Chinese,China,84.0,23.0,
2020-04-01,Chinese,China,54.0,16.0,
2020-04-02,Chinese,China,100.0,15.0,
2020-04-03,Chinese,China,70.0,12.0,
2020-04-04,Chinese,China,62.0,22.0,
2020-04-05,Chinese,China,48.0,22.0,
2020-04-06,Chinese,China,67.0,7.0,
2020-04-07,Chinese,China,56.0,6.0,
2020-04-08,Chinese,China,86.0,8.0,
2020-04-09,Chinese,China,86.0,5.0,
2020-04-10,Chinese,China,55.0,7.0,
2020-04-11,Chinese,China,79.0,8.0,
2020-04-12,Chinese,China,93.0,6.0,
2020-04-13,Chinese,China,112.0,16.0,
2020-04-14,Chinese,China,94.0,10.0,
2020-04-15,Chinese,China,49.0,10.0,
2020-04-16,Chinese,China,50.0,6.0,
2020-04-17,Chinese,China,352.0,9.0,
2020-04-18,Chinese,China,31.0,2.0,
2020-04-19,Chinese,China,18.0,5.0,
2020-04-20,Chinese,China,14.0,13.0,
2019-12-31,Danish,Denmark,0.0,0.0,Global Event
2020-01-01,Danish,Denmark,0.0,0.0,
2020-01-02,Danish,Denmark,0.0,0.0,
2020-01-03,Danish,Denmark,0.0,0.0,
2020-01-04,Danish,Denmark,0.0,0.0,
2020-01-05,Danish,Denmark,0.0,0.0,
2020-01-06,Danish,Denmark,0.0,0.0,
2020-01-07,Danish,Denmark,0.0,0.0,Global Event
2020-01-08,Danish,Denmark,0.0,0.0,
2020-01-09,Danish,Denmark,0.0,0.0,
2020-01-10,Danish,Denmark,0.0,0.0,
2020-01-11,Danish,Denmark,0.0,0.0,
2020-01-12,Danish,Denmark,0.0,0.0,
2020-01-13,Danish,Denmark,0.0,0.0,
2020-01-14,Danish,Denmark,0.0,0.0,
2020-01-15,Danish,Denmark,0.0,0.0,
2020-01-16,Danish,Denmark,0.0,0.0,
2020-01-17,Danish,Denmark,0.0,0.0,
2020-01-18,Danish,Denmark,0.0,0.0,
2020-01-19,Danish,Denmark,0.0,0.0,
2020-01-20,Danish,Denmark,0.0,0.0,
2020-01-21,Danish,Denmark,0.0,0.0,
2020-01-22,Danish,Denmark,0.0,0.0,
2020-01-23,Danish,Denmark,0.0,0.0,
2020-01-24,Danish,Denmark,0.0,0.0,
2020-01-25,Danish,Denmark,0.0,11.0,
2020-01-26,Danish,Denmark,0.0,4.0,
2020-01-27,Danish,Denmark,0.0,1.0,
2020-01-28,Danish,Denmark,0.0,0.0,
2020-01-29,Danish,Denmark,0.0,0.0,
2020-01-30,Danish,Denmark,0.0,1.0,Global Event
2020-01-31,Danish,Denmark,0.0,1.0,
2020-02-01,Danish,Denmark,0.0,2.0,
2020-02-02,Danish,Denmark,0.0,0.0,
2020-02-03,Danish,Denmark,0.0,0.0,
2020-02-04,Danish,Denmark,0.0,0.0,
2020-02-05,Danish,Denmark,0.0,0.0,
2020-02-06,Danish,Denmark,0.0,0.0,
2020-02-07,Danish,Denmark,0.0,0.0,
2020-02-08,Danish,Denmark,0.0,0.0,
2020-02-09,Danish,Denmark,0.0,0.0,
2020-02-10,Danish,Denmark,0.0,1.0,
2020-02-11,Danish,Denmark,0.0,2.0,
2020-02-12,Danish,Denmark,0.0,7.0,
2020-02-13,Danish,Denmark,0.0,0.0,
2020-02-14,Danish,Denmark,0.0,0.0,
2020-02-15,Danish,Denmark,0.0,1.0,
2020-02-16,Danish,Denmark,0.0,3.0,
2020-02-17,Danish,Denmark,0.0,0.0,
2020-02-18,Danish,Denmark,0.0,0.0,
2020-02-19,Danish,Denmark,0.0,0.0,
2020-02-20,Danish,Denmark,0.0,0.0,
2020-02-21,Danish,Denmark,0.0,1.0,
2020-02-22,Danish,Denmark,0.0,1.0,
2020-02-23,Danish,Denmark,0.0,0.0,
2020-02-24,Danish,Denmark,0.0,0.0,
2020-02-25,Danish,Denmark,0.0,1.0,
2020-02-26,Danish,Denmark,0.0,0.0,
2020-02-27,Danish,Denmark,1.0,0.0,First case
2020-02-28,Danish,Denmark,0.0,6.0,
2020-02-29,Danish,Denmark,1.0,7.0,
2020-03-01,Danish,Denmark,1.0,0.0,
2020-03-02,Danish,Denmark,1.0,9.0,
2020-03-03,Danish,Denmark,1.0,1.0,
2020-03-04,Danish,Denmark,3.0,0.0,
2020-03-05,Danish,Denmark,2.0,4.0,
2020-03-06,Danish,Denmark,10.0,8.0,
2020-03-07,Danish,Denmark,3.0,3.0,
2020-03-08,Danish,Denmark,8.0,1.0,
2020-03-09,Danish,Denmark,7.0,3.0,
2020-03-10,Danish,Denmark,75.0,9.0,
2020-03-11,Danish,Denmark,151.0,14.0,
2020-03-12,Danish,Denmark,252.0,11.0,Global Event
2020-03-13,Danish,Denmark,160.0,32.0,
2020-03-14,Danish,Denmark,128.0,6.0,Lockdown
2020-03-15,Danish,Denmark,23.0,15.0,
2020-03-16,Danish,Denmark,48.0,10.0,First death
2020-03-17,Danish,Denmark,57.0,2.0,
2020-03-18,Danish,Denmark,92.0,6.0,
2020-03-19,Danish,Denmark,91.0,3.0,
2020-03-20,Danish,Denmark,36.0,2.0,
2020-03-21,Danish,Denmark,104.0,6.0,
2020-03-22,Danish,Denmark,71.0,1.0,
2020-03-23,Danish,Denmark,69.0,5.0,
2020-03-24,Danish,Denmark,65.0,6.0,
2020-03-25,Danish,Denmark,131.0,2.0,
2020-03-26,Danish,Denmark,133.0,14.0,
2020-03-27,Danish,Denmark,153.0,8.0,
2020-03-28,Danish,Denmark,169.0,8.0,
2020-03-29,Danish,Denmark,155.0,7.0,
2020-03-30,Danish,Denmark,194.0,2.0,
2020-03-31,Danish,Denmark,182.0,2.0,
2020-04-01,Danish,Denmark,283.0,1.0,
2020-04-02,Danish,Denmark,247.0,6.0,
2020-04-03,Danish,Denmark,279.0,0.0,
2020-04-04,Danish,Denmark,371.0,0.0,
2020-04-05,Danish,Denmark,320.0,1.0,
2020-04-06,Danish,Denmark,292.0,1.0,
2020-04-07,Danish,Denmark,312.0,0.0,
2020-04-08,Danish,Denmark,390.0,0.0,
2020-04-09,Danish,Denmark,331.0,0.0,
2020-04-10,Danish,Denmark,233.0,3.0,
2020-04-11,Danish,Denmark,184.0,0.0,
2020-04-12,Danish,Denmark,177.0,3.0,
2020-04-13,Danish,Denmark,178.0,0.0,
2020-04-14,Danish,Denmark,144.0,0.0,
2020-04-15,Danish,Denmark,193.0,0.0,
2020-04-16,Danish,Denmark,170.0,1.0,
2020-04-17,Danish,Denmark,198.0,4.0,
2020-04-18,Danish,Denmark,194.0,0.0,
2020-04-19,Danish,Denmark,169.0,0.0,
2020-04-20,Danish,Denmark,142.0,1.0,
2019-12-31,German,Germany,0.0,0.0,Global Event
2020-01-01,German,Germany,0.0,0.0,
2020-01-02,German,Germany,0.0,0.0,
2020-01-03,German,Germany,0.0,0.0,
2020-01-04,German,Germany,0.0,0.0,
2020-01-05,German,Germany,0.0,0.0,
2020-01-06,German,Germany,0.0,0.0,
2020-01-07,German,Germany,0.0,0.0,Global Event
2020-01-08,German,Germany,0.0,0.0,
2020-01-09,German,Germany,0.0,0.0,
2020-01-10,German,Germany,0.0,0.0,
2020-01-11,German,Germany,0.0,0.0,
2020-01-12,German,Germany,0.0,0.0,
2020-01-13,German,Germany,0.0,0.0,
2020-01-14,German,Germany,0.0,0.0,
2020-01-15,German,Germany,0.0,0.0,
2020-01-16,German,Germany,0.0,0.0,
2020-01-17,German,Germany,0.0,0.0,
2020-01-18,German,Germany,0.0,0.0,
2020-01-19,German,Germany,0.0,0.0,
2020-01-20,German,Germany,0.0,0.0,
2020-01-21,German,Germany,0.0,0.0,
2020-01-22,German,Germany,0.0,0.0,
2020-01-23,German,Germany,0.0,0.0,
2020-01-24,German,Germany,0.0,0.0,
2020-01-25,German,Germany,0.0,28.0,
2020-01-26,German,Germany,0.0,48.0,
2020-01-27,German,Germany,0.0,45.0,
2020-01-28,German,Germany,1.0,106.0,First case
2020-01-29,German,Germany,3.0,55.0,
2020-01-30,German,Germany,0.0,56.0,Global Event
2020-01-31,German,Germany,1.0,61.0,
2020-02-01,German,Germany,2.0,55.0,
2020-02-02,German,Germany,1.0,52.0,
2020-02-03,German,Germany,1.0,62.0,
2020-02-04,German,Germany,2.0,61.0,
2020-02-05,German,Germany,0.0,29.0,
2020-02-06,German,Germany,0.0,29.0,
2020-02-07,German,Germany,1.0,49.0,
2020-02-08,German,Germany,1.0,33.0,
2020-02-09,German,Germany,0.0,19.0,
2020-02-10,German,Germany,0.0,22.0,
2020-02-11,German,Germany,0.0,24.0,
2020-02-12,German,Germany,2.0,32.0,
2020-02-13,German,Germany,0.0,28.0,
2020-02-14,German,Germany,0.0,28.0,
2020-02-15,German,Germany,0.0,29.0,
2020-02-16,German,Germany,0.0,18.0,
2020-02-17,German,Germany,0.0,22.0,
2020-02-18,German,Germany,0.0,28.0,
2020-02-19,German,Germany,0.0,45.0,
2020-02-20,German,Germany,0.0,28.0,
2020-02-21,German,Germany,0.0,25.0,
2020-02-22,German,Germany,0.0,35.0,
2020-02-23,German,Germany,0.0,66.0,
2020-02-24,German,Germany,0.0,54.0,
2020-02-25,German,Germany,0.0,66.0,
2020-02-26,German,Germany,2.0,64.0,
2020-02-27,German,Germany,4.0,77.0,
2020-02-28,German,Germany,26.0,111.0,
2020-02-29,German,Germany,10.0,68.0,
2020-03-01,German,Germany,54.0,63.0,
2020-03-02,German,Germany,18.0,39.0,
2020-03-03,German,Germany,28.0,41.0,
2020-03-04,German,Germany,39.0,63.0,
2020-03-05,German,Germany,66.0,53.0,
2020-03-06,German,Germany,138.0,48.0,
2020-03-07,German,Germany,284.0,41.0,
2020-03-08,German,Germany,163.0,47.0,
2020-03-09,German,Germany,55.0,56.0,
2020-03-10,German,Germany,237.0,53.0,First death
2020-03-11,German,Germany,157.0,60.0,
2020-03-12,German,Germany,271.0,107.0,Global Event
2020-03-13,German,Germany,802.0,89.0,
2020-03-14,German,Germany,693.0,95.0,
2020-03-15,German,Germany,733.0,107.0,
2020-03-16,German,Germany,1043.0,156.0,Lockdown
2020-03-17,German,Germany,1174.0,107.0,
2020-03-18,German,Germany,1144.0,57.0,
2020-03-19,German,Germany,1042.0,84.0,
2020-03-20,German,Germany,5940.0,117.0,
2020-03-21,German,Germany,4049.0,90.0,
2020-03-22,German,Germany,3276.0,92.0,
2020-03-23,German,Germany,3311.0,66.0,
2020-03-24,German,Germany,4438.0,70.0,
2020-03-25,German,Germany,2342.0,56.0,
2020-03-26,German,Germany,4954.0,93.0,
2020-03-27,German,Germany,5780.0,73.0,
2020-03-28,German,Germany,6294.0,61.0,
2020-03-29,German,Germany,3965.0,43.0,
2020-03-30,German,Germany,4751.0,27.0,
2020-03-31,German,Germany,4615.0,39.0,
2020-04-01,German,Germany,5453.0,35.0,
2020-04-02,German,Germany,6156.0,30.0,
2020-04-03,German,Germany,6174.0,41.0,
2020-04-04,German,Germany,6082.0,49.0,
2020-04-05,German,Germany,5936.0,102.0,
2020-04-06,German,Germany,3677.0,74.0,
2020-04-07,German,Germany,3834.0,54.0,
2020-04-08,German,Germany,4003.0,43.0,
2020-04-09,German,Germany,4974.0,34.0,
2020-04-10,German,Germany,5323.0,35.0,
2020-04-11,German,Germany,4133.0,15.0,
2020-04-12,German,Germany,2821.0,12.0,
2020-04-13,German,Germany,2537.0,77.0,
2020-04-14,German,Germany,2082.0,54.0,
2020-04-15,German,Germany,2486.0,32.0,
2020-04-16,German,Germany,2866.0,23.0,
2020-04-17,German,Germany,3380.0,19.0,
2020-04-18,German,Germany,3609.0,30.0,
2020-04-19,German,Germany,2458.0,39.0,
2020-04-20,German,Germany,1775.0,17.0,
2019-12-31,Hungarian,Hungary,0.0,0.0,Global Event
2020-01-01,Hungarian,Hungary,0.0,0.0,
2020-01-02,Hungarian,Hungary,0.0,0.0,
2020-01-03,Hungarian,Hungary,0.0,0.0,
2020-01-04,Hungarian,Hungary,0.0,0.0,
2020-01-05,Hungarian,Hungary,0.0,0.0,
2020-01-06,Hungarian,Hungary,0.0,0.0,
2020-01-07,Hungarian,Hungary,0.0,0.0,Global Event
2020-01-08,Hungarian,Hungary,0.0,0.0,
2020-01-09,Hungarian,Hungary,0.0,0.0,
2020-01-10,Hungarian,Hungary,0.0,0.0,
2020-01-11,Hungarian,Hungary,0.0,0.0,
2020-01-12,Hungarian,Hungary,0.0,0.0,
2020-01-13,Hungarian,Hungary,0.0,0.0,
2020-01-14,Hungarian,Hungary,0.0,0.0,
2020-01-15,Hungarian,Hungary,0.0,0.0,
2020-01-16,Hungarian,Hungary,0.0,0.0,
2020-01-17,Hungarian,Hungary,0.0,0.0,
2020-01-18,Hungarian,Hungary,0.0,0.0,
2020-01-19,Hungarian,Hungary,0.0,0.0,
2020-01-20,Hungarian,Hungary,0.0,0.0,
2020-01-21,Hungarian,Hungary,0.0,0.0,
2020-01-22,Hungarian,Hungary,0.0,0.0,
2020-01-23,Hungarian,Hungary,0.0,0.0,
2020-01-24,Hungarian,Hungary,0.0,34.0,
2020-01-25,Hungarian,Hungary,0.0,92.0,
2020-01-26,Hungarian,Hungary,0.0,118.0,
2020-01-27,Hungarian,Hungary,0.0,149.0,
2020-01-28,Hungarian,Hungary,0.0,118.0,
2020-01-29,Hungarian,Hungary,0.0,97.0,
2020-01-30,Hungarian,Hungary,0.0,77.0,Global Event
2020-01-31,Hungarian,Hungary,0.0,117.0,
2020-02-01,Hungarian,Hungary,0.0,78.0,
2020-02-02,Hungarian,Hungary,0.0,90.0,
2020-02-03,Hungarian,Hungary,0.0,49.0,
2020-02-04,Hungarian,Hungary,0.0,70.0,
2020-02-05,Hungarian,Hungary,0.0,57.0,
2020-02-06,Hungarian,Hungary,0.0,133.0,
2020-02-07,Hungarian,Hungary,0.0,77.0,
2020-02-08,Hungarian,Hungary,0.0,93.0,
2020-02-09,Hungarian,Hungary,0.0,57.0,
2020-02-10,Hungarian,Hungary,0.0,61.0,
2020-02-11,Hungarian,Hungary,0.0,42.0,
2020-02-12,Hungarian,Hungary,0.0,150.0,
2020-02-13,Hungarian,Hungary,0.0,74.0,
2020-02-14,Hungarian,Hungary,0.0,55.0,
2020-02-15,Hungarian,Hungary,0.0,31.0,
2020-02-16,Hungarian,Hungary,0.0,32.0,
2020-02-17,Hungarian,Hungary,0.0,30.0,
2020-02-18,Hungarian,Hungary,0.0,36.0,
2020-02-19,Hungarian,Hungary,0.0,39.0,
2020-02-20,Hungarian,Hungary,0.0,13.0,
2020-02-21,Hungarian,Hungary,0.0,16.0,
2020-02-22,Hungarian,Hungary,0.0,17.0,
2020-02-23,Hungarian,Hungary,0.0,35.0,
2020-02-24,Hungarian,Hungary,0.0,42.0,
2020-02-25,Hungarian,Hungary,0.0,64.0,
2020-02-26,Hungarian,Hungary,0.0,93.0,
2020-02-27,Hungarian,Hungary,0.0,64.0,
2020-02-28,Hungarian,Hungary,0.0,26.0,
2020-02-29,Hungarian,Hungary,0.0,28.0,
2020-03-01,Hungarian,Hungary,0.0,19.0,
2020-03-02,Hungarian,Hungary,0.0,19.0,
2020-03-03,Hungarian,Hungary,0.0,19.0,
2020-03-04,Hungarian,Hungary,0.0,29.0,
2020-03-05,Hungarian,Hungary,2.0,36.0,First case
2020-03-06,Hungarian,Hungary,0.0,26.0,
2020-03-07,Hungarian,Hungary,2.0,5.0,
2020-03-08,Hungarian,Hungary,3.0,21.0,
2020-03-09,Hungarian,Hungary,1.0,37.0,
2020-03-10,Hungarian,Hungary,1.0,23.0,
2020-03-11,Hungarian,Hungary,3.0,92.0,
2020-03-12,Hungarian,Hungary,1.0,41.0,Global Event
2020-03-13,Hungarian,Hungary,3.0,28.0,
2020-03-14,Hungarian,Hungary,9.0,23.0,
2020-03-15,Hungarian,Hungary,6.0,34.0,
2020-03-16,Hungarian,Hungary,8.0,14.0,Lockdown
2020-03-17,Hungarian,Hungary,11.0,17.0,
2020-03-18,Hungarian,Hungary,0.0,57.0,
2020-03-19,Hungarian,Hungary,23.0,26.0,
2020-03-20,Hungarian,Hungary,12.0,30.0,
2020-03-21,Hungarian,Hungary,18.0,42.0,
2020-03-22,Hungarian,Hungary,28.0,17.0,
2020-03-23,Hungarian,Hungary,36.0,21.0,
2020-03-24,Hungarian,Hungary,20.0,25.0,
2020-03-25,Hungarian,Hungary,39.0,33.0,
2020-03-26,Hungarian,Hungary,35.0,97.0,
2020-03-27,Hungarian,Hungary,39.0,16.0,
2020-03-28,Hungarian,Hungary,43.0,2.0,
2020-03-29,Hungarian,Hungary,65.0,5.0,
2020-03-30,Hungarian,Hungary,39.0,5.0,
2020-03-31,Hungarian,Hungary,45.0,0.0,
2020-04-01,Hungarian,Hungary,33.0,0.0,
2020-04-02,Hungarian,Hungary,60.0,1.0,
2020-04-03,Hungarian,Hungary,38.0,0.0,
2020-04-04,Hungarian,Hungary,55.0,0.0,
2020-04-05,Hungarian,Hungary,55.0,0.0,
2020-04-06,Hungarian,Hungary,11.0,0.0,
2020-04-07,Hungarian,Hungary,73.0,0.0,
2020-04-08,Hungarian,Hungary,78.0,0.0,
2020-04-09,Hungarian,Hungary,85.0,1.0,
2020-04-10,Hungarian,Hungary,210.0,0.0,
2020-04-11,Hungarian,Hungary,120.0,0.0,
2020-04-12,Hungarian,Hungary,100.0,1.0,
2020-04-13,Hungarian,Hungary,48.0,0.0,
2020-04-14,Hungarian,Hungary,54.0,0.0,
2020-04-15,Hungarian,Hungary,67.0,0.0,
2020-04-16,Hungarian,Hungary,73.0,2.0,
2020-04-17,Hungarian,Hungary,111.0,0.0,
2020-04-18,Hungarian,Hungary,71.0,0.0,
2020-04-19,Hungarian,Hungary,82.0,0.0,
2020-04-20,Hungarian,Hungary,68.0,0.0,
2019-12-31,Japanese,Japan,0.0,0.0,Global Event
2020-01-01,Japanese,Japan,0.0,0.0,
2020-01-02,Japanese,Japan,0.0,0.0,
2020-01-03,Japanese,Japan,0.0,0.0,
2020-01-04,Japanese,Japan,0.0,0.0,
2020-01-05,Japanese,Japan,0.0,0.0,
2020-01-06,Japanese,Japan,0.0,0.0,
2020-01-07,Japanese,Japan,0.0,0.0,Global Event
2020-01-08,Japanese,Japan,0.0,0.0,
2020-01-09,Japanese,Japan,0.0,0.0,
2020-01-10,Japanese,Japan,0.0,0.0,
2020-01-11,Japanese,Japan,0.0,0.0,
2020-01-12,Japanese,Japan,0.0,0.0,
2020-01-13,Japanese,Japan,0.0,0.0,
2020-01-14,Japanese,Japan,0.0,0.0,
2020-01-15,Japanese,Japan,1.0,0.0,First case
2020-01-16,Japanese,Japan,0.0,12.0,
2020-01-17,Japanese,Japan,0.0,0.0,
2020-01-18,Japanese,Japan,0.0,5.0,
2020-01-19,Japanese,Japan,0.0,0.0,
2020-01-20,Japanese,Japan,0.0,10.0,
2020-01-21,Japanese,Japan,0.0,23.0,
2020-01-22,Japanese,Japan,0.0,24.0,
2020-01-23,Japanese,Japan,0.0,45.0,
2020-01-24,Japanese,Japan,1.0,36.0,
2020-01-25,Japanese,Japan,0.0,43.0,
2020-01-26,Japanese,Japan,1.0,40.0,
2020-01-27,Japanese,Japan,0.0,43.0,
2020-01-28,Japanese,Japan,1.0,80.0,
2020-01-29,Japanese,Japan,3.0,55.0,
2020-01-30,Japanese,Japan,4.0,59.0,Global Event
2020-01-31,Japanese,Japan,3.0,104.0,
2020-02-01,Japanese,Japan,1.0,56.0,
2020-02-02,Japanese,Japan,4.0,66.0,
2020-02-03,Japanese,Japan,1.0,53.0,
2020-02-04,Japanese,Japan,0.0,41.0,
2020-02-05,Japanese,Japan,5.0,33.0,
2020-02-06,Japanese,Japan,0.0,39.0,
2020-02-07,Japanese,Japan,0.0,52.0,
2020-02-08,Japanese,Japan,0.0,32.0,
2020-02-09,Japanese,Japan,0.0,28.0,
2020-02-10,Japanese,Japan,0.0,25.0,
2020-02-11,Japanese,Japan,0.0,44.0,
2020-02-12,Japanese,Japan,0.0,30.0,
2020-02-13,Japanese,Japan,4.0,50.0,First death
2020-02-14,Japanese,Japan,1.0,45.0,
2020-02-15,Japanese,Japan,8.0,43.0,
2020-02-16,Japanese,Japan,14.0,37.0,
2020-02-17,Japanese,Japan,7.0,42.0,
2020-02-18,Japanese,Japan,0.0,48.0,
2020-02-19,Japanese,Japan,7.0,95.0,
2020-02-20,Japanese,Japan,18.0,76.0,
2020-02-21,Japanese,Japan,9.0,82.0,
2020-02-22,Japanese,Japan,12.0,34.0,
2020-02-23,Japanese,Japan,27.0,39.0,
2020-02-24,Japanese,Japan,12.0,40.0,
2020-02-25,Japanese,Japan,0.0,23.0,
2020-02-26,Japanese,Japan,20.0,43.0,
2020-02-27,Japanese,Japan,22.0,56.0,Lockdown
2020-02-28,Japanese,Japan,24.0,75.0,
2020-02-29,Japanese,Japan,20.0,72.0,
2020-03-01,Japanese,Japan,9.0,20.0,
2020-03-02,Japanese,Japan,15.0,25.0,
2020-03-03,Japanese,Japan,0.0,23.0,
2020-03-04,Japanese,Japan,14.0,11.0,
2020-03-05,Japanese,Japan,49.0,27.0,
2020-03-06,Japanese,Japan,32.0,15.0,
2020-03-07,Japanese,Japan,59.0,34.0,
2020-03-08,Japanese,Japan,47.0,19.0,
2020-03-09,Japanese,Japan,33.0,21.0,
2020-03-10,Japanese,Japan,26.0,16.0,
2020-03-11,Japanese,Japan,54.0,36.0,
2020-03-12,Japanese,Japan,51.0,20.0,Global Event
2020-03-13,Japanese,Japan,56.0,11.0,
2020-03-14,Japanese,Japan,62.0,17.0,
2020-03-15,Japanese,Japan,43.0,25.0,
2020-03-16,Japanese,Japan,34.0,39.0,
2020-03-17,Japanese,Japan,10.0,37.0,
2020-03-18,Japanese,Japan,5.0,27.0,
2020-03-19,Japanese,Japan,44.0,18.0,
2020-03-20,Japanese,Japan,77.0,9.0,
2020-03-21,Japanese,Japan,57.0,5.0,
2020-03-22,Japanese,Japan,39.0,10.0,
2020-03-23,Japanese,Japan,43.0,11.0,
2020-03-24,Japanese,Japan,39.0,36.0,
2020-03-25,Japanese,Japan,65.0,12.0,
2020-03-26,Japanese,Japan,75.0,11.0,
2020-03-27,Japanese,Japan,96.0,14.0,
2020-03-28,Japanese,Japan,135.0,5.0,
2020-03-29,Japanese,Japan,194.0,11.0,
2020-03-30,Japanese,Japan,173.0,16.0,
2020-03-31,Japanese,Japan,87.0,13.0,
2020-04-01,Japanese,Japan,0.0,14.0,
2020-04-02,Japanese,Japan,225.0,6.0,
2020-04-03,Japanese,Japan,439.0,9.0,
2020-04-04,Japanese,Japan,318.0,14.0,
2020-04-05,Japanese,Japan,336.0,10.0,
2020-04-06,Japanese,Japan,383.0,11.0,
2020-04-07,Japanese,Japan,163.0,7.0,
2020-04-08,Japanese,Japan,89.0,15.0,
2020-04-09,Japanese,Japan,351.0,10.0,
2020-04-10,Japanese,Japan,410.0,7.0,
2020-04-11,Japanese,Japan,680.0,13.0,
2020-04-12,Japanese,Japan,1401.0,15.0,
2020-04-13,Japanese,Japan,507.0,9.0,
2020-04-14,Japanese,Japan,390.0,10.0,
2020-04-15,Japanese,Japan,455.0,25.0,
2020-04-16,Japanese,Japan,482.0,4.0,
2020-04-17,Japanese,Japan,585.0,11.0,
2020-04-18,Japanese,Japan,628.0,20.0,
2020-04-19,Japanese,Japan,566.0,2.0,
2020-04-20,Japanese,Japan,390.0,5.0,
2019-12-31,Malay,Malaysia,0.0,0.0,Global Event
2020-01-01,Malay,Malaysia,0.0,0.0,
2020-01-02,Malay,Malaysia,0.0,0.0,
2020-01-03,Malay,Malaysia,0.0,0.0,
2020-01-04,Malay,Malaysia,0.0,0.0,
2020-01-05,Malay,Malaysia,0.0,0.0,
2020-01-06,Malay,Malaysia,0.0,0.0,
2020-01-07,Malay,Malaysia,0.0,0.0,Global Event
2020-01-08,Malay,Malaysia,0.0,0.0,
2020-01-09,Malay,Malaysia,0.0,0.0,
2020-01-10,Malay,Malaysia,0.0,0.0,
2020-01-11,Malay,Malaysia,0.0,0.0,
2020-01-12,Malay,Malaysia,0.0,0.0,
2020-01-13,Malay,Malaysia,0.0,0.0,
2020-01-14,Malay,Malaysia,0.0,0.0,
2020-01-15,Malay,Malaysia,0.0,0.0,
2020-01-16,Malay,Malaysia,0.0,0.0,
2020-01-17,Malay,Malaysia,0.0,0.0,
2020-01-18,Malay,Malaysia,0.0,0.0,
2020-01-19,Malay,Malaysia,0.0,0.0,
2020-01-20,Malay,Malaysia,0.0,0.0,
2020-01-21,Malay,Malaysia,0.0,0.0,
2020-01-22,Malay,Malaysia,0.0,0.0,
2020-01-23,Malay,Malaysia,0.0,0.0,
2020-01-24,Malay,Malaysia,0.0,9.0,
2020-01-25,Malay,Malaysia,3.0,4.0,First case
2020-01-26,Malay,Malaysia,1.0,14.0,
2020-01-27,Malay,Malaysia,0.0,26.0,
2020-01-28,Malay,Malaysia,0.0,22.0,
2020-01-29,Malay,Malaysia,3.0,12.0,
2020-01-30,Malay,Malaysia,0.0,19.0,Global Event
2020-01-31,Malay,Malaysia,1.0,25.0,
2020-02-01,Malay,Malaysia,0.0,10.0,
2020-02-02,Malay,Malaysia,0.0,2.0,
2020-02-03,Malay,Malaysia,0.0,8.0,
2020-02-04,Malay,Malaysia,0.0,12.0,
2020-02-05,Malay,Malaysia,2.0,3.0,
2020-02-06,Malay,Malaysia,2.0,7.0,
2020-02-07,Malay,Malaysia,2.0,10.0,
2020-02-08,Malay,Malaysia,1.0,12.0,
2020-02-09,Malay,Malaysia,1.0,5.0,
2020-02-10,Malay,Malaysia,2.0,5.0,
2020-02-11,Malay,Malaysia,0.0,5.0,
2020-02-12,Malay,Malaysia,0.0,4.0,
2020-02-13,Malay,Malaysia,0.0,3.0,
2020-02-14,Malay,Malaysia,1.0,10.0,
2020-02-15,Malay,Malaysia,2.0,5.0,
2020-02-16,Malay,Malaysia,1.0,15.0,
2020-02-17,Malay,Malaysia,0.0,1.0,
2020-02-18,Malay,Malaysia,0.0,5.0,
2020-02-19,Malay,Malaysia,0.0,28.0,
2020-02-20,Malay,Malaysia,0.0,6.0,
2020-02-21,Malay,Malaysia,0.0,15.0,
2020-02-22,Malay,Malaysia,0.0,1.0,
2020-02-23,Malay,Malaysia,0.0,11.0,
2020-02-24,Malay,Malaysia,0.0,7.0,
2020-02-25,Malay,Malaysia,0.0,11.0,
2020-02-26,Malay,Malaysia,0.0,8.0,
2020-02-27,Malay,Malaysia,0.0,4.0,
2020-02-28,Malay,Malaysia,1.0,7.0,
2020-02-29,Malay,Malaysia,2.0,2.0,
2020-03-01,Malay,Malaysia,0.0,10.0,
2020-03-02,Malay,Malaysia,4.0,8.0,
2020-03-03,Malay,Malaysia,0.0,3.0,
2020-03-04,Malay,Malaysia,7.0,9.0,
2020-03-05,Malay,Malaysia,14.0,7.0,
2020-03-06,Malay,Malaysia,0.0,13.0,
2020-03-07,Malay,Malaysia,33.0,5.0,
2020-03-08,Malay,Malaysia,10.0,5.0,
2020-03-09,Malay,Malaysia,6.0,1.0,
2020-03-10,Malay,Malaysia,18.0,1.0,
2020-03-11,Malay,Malaysia,12.0,5.0,
2020-03-12,Malay,Malaysia,20.0,16.0,Global Event
2020-03-13,Malay,Malaysia,9.0,2.0,
2020-03-14,Malay,Malaysia,39.0,5.0,
2020-03-15,Malay,Malaysia,41.0,12.0,
2020-03-16,Malay,Malaysia,190.0,4.0,
2020-03-17,Malay,Malaysia,125.0,1.0,
2020-03-18,Malay,Malaysia,120.0,8.0,Lockdown
2020-03-19,Malay,Malaysia,117.0,6.0,
2020-03-20,Malay,Malaysia,110.0,10.0,
2020-03-21,Malay,Malaysia,130.0,3.0,
2020-03-22,Malay,Malaysia,153.0,5.0,
2020-03-23,Malay,Malaysia,123.0,3.0,
2020-03-24,Malay,Malaysia,212.0,0.0,
2020-03-25,Malay,Malaysia,106.0,3.0,
2020-03-26,Malay,Malaysia,172.0,1.0,
2020-03-27,Malay,Malaysia,235.0,0.0,
2020-03-28,Malay,Malaysia,130.0,1.0,
2020-03-29,Malay,Malaysia,159.0,1.0,
2020-03-30,Malay,Malaysia,150.0,2.0,
2020-03-31,Malay,Malaysia,156.0,0.0,
2020-04-01,Malay,Malaysia,140.0,0.0,
2020-04-02,Malay,Malaysia,142.0,1.0,
2020-04-03,Malay,Malaysia,208.0,1.0,
2020-04-04,Malay,Malaysia,217.0,0.0,
2020-04-05,Malay,Malaysia,150.0,2.0,
2020-04-06,Malay,Malaysia,179.0,2.0,
2020-04-07,Malay,Malaysia,131.0,0.0,
2020-04-08,Malay,Malaysia,170.0,1.0,
2020-04-09,Malay,Malaysia,156.0,3.0,
2020-04-10,Malay,Malaysia,109.0,1.0,
2020-04-11,Malay,Malaysia,118.0,0.0,
2020-04-12,Malay,Malaysia,184.0,0.0,
2020-04-13,Malay,Malaysia,153.0,0.0,
2020-04-14,Malay,Malaysia,134.0,0.0,
2020-04-15,Malay,Malaysia,170.0,0.0,
2020-04-16,Malay,Malaysia,85.0,1.0,
2020-04-17,Malay,Malaysia,110.0,0.0,
2020-04-18,Malay,Malaysia,69.0,5.0,
2020-04-19,Malay,Malaysia,54.0,0.0,
2020-04-20,Malay,Malaysia,84.0,5.0,
2019-12-31,Polish,Poland,0.0,0.0,Global Event
2020-01-01,Polish,Poland,0.0,0.0,
2020-01-02,Polish,Poland,0.0,0.0,
2020-01-03,Polish,Poland,0.0,0.0,
2020-01-04,Polish,Poland,0.0,0.0,
2020-01-05,Polish,Poland,0.0,0.0,
2020-01-06,Polish,Poland,0.0,0.0,
2020-01-07,Polish,Poland,0.0,0.0,Global Event
2020-01-08,Polish,Poland,0.0,0.0,
2020-01-09,Polish,Poland,0.0,0.0,
2020-01-10,Polish,Poland,0.0,0.0,
2020-01-11,Polish,Poland,0.0,0.0,
2020-01-12,Polish,Poland,0.0,0.0,
2020-01-13,Polish,Poland,0.0,0.0,
2020-01-14,Polish,Poland,0.0,0.0,
2020-01-15,Polish,Poland,0.0,0.0,
2020-01-16,Polish,Poland,0.0,0.0,
2020-01-17,Polish,Poland,0.0,0.0,
2020-01-18,Polish,Poland,0.0,0.0,
2020-01-19,Polish,Poland,0.0,0.0,
2020-01-20,Polish,Poland,0.0,0.0,
2020-01-21,Polish,Poland,0.0,5.0,
2020-01-22,Polish,Poland,0.0,3.0,
2020-01-23,Polish,Poland,0.0,4.0,
2020-01-24,Polish,Poland,0.0,12.0,
2020-01-25,Polish,Poland,0.0,28.0,
2020-01-26,Polish,Poland,0.0,7.0,
2020-01-27,Polish,Poland,0.0,15.0,
2020-01-28,Polish,Poland,0.0,16.0,
2020-01-29,Polish,Poland,0.0,13.0,
2020-01-30,Polish,Poland,0.0,11.0,Global Event
2020-01-31,Polish,Poland,0.0,15.0,
2020-02-01,Polish,Poland,0.0,7.0,
2020-02-02,Polish,Poland,0.0,7.0,
2020-02-03,Polish,Poland,0.0,7.0,
2020-02-04,Polish,Poland,0.0,17.0,
2020-02-05,Polish,Poland,0.0,12.0,
2020-02-06,Polish,Poland,0.0,17.0,
2020-02-07,Polish,Poland,0.0,17.0,
2020-02-08,Polish,Poland,0.0,12.0,
2020-02-09,Polish,Poland,0.0,11.0,
2020-02-10,Polish,Poland,0.0,6.0,
2020-02-11,Polish,Poland,0.0,10.0,
2020-02-12,Polish,Poland,0.0,5.0,
2020-02-13,Polish,Poland,0.0,7.0,
2020-02-14,Polish,Poland,0.0,5.0,
2020-02-15,Polish,Poland,0.0,7.0,
2020-02-16,Polish,Poland,0.0,14.0,
2020-02-17,Polish,Poland,0.0,5.0,
2020-02-18,Polish,Poland,0.0,11.0,
2020-02-19,Polish,Poland,0.0,10.0,
2020-02-20,Polish,Poland,0.0,10.0,
2020-02-21,Polish,Poland,0.0,11.0,
2020-02-22,Polish,Poland,0.0,18.0,
2020-02-23,Polish,Poland,0.0,22.0,
2020-02-24,Polish,Poland,0.0,10.0,
2020-02-25,Polish,Poland,0.0,17.0,
2020-02-26,Polish,Poland,0.0,10.0,
2020-02-27,Polish,Poland,0.0,19.0,
2020-02-28,Polish,Poland,0.0,17.0,
2020-02-29,Polish,Poland,0.0,20.0,
2020-03-01,Polish,Poland,0.0,20.0,
2020-03-02,Polish,Poland,0.0,26.0,
2020-03-03,Polish,Poland,0.0,21.0,
2020-03-04,Polish,Poland,1.0,35.0,First case
2020-03-05,Polish,Poland,0.0,16.0,
2020-03-06,Polish,Poland,0.0,34.0,
2020-03-07,Polish,Poland,4.0,22.0,
2020-03-08,Polish,Poland,1.0,33.0,
2020-03-09,Polish,Poland,5.0,25.0,
2020-03-10,Polish,Poland,6.0,31.0,Lockdown
2020-03-11,Polish,Poland,5.0,39.0,
2020-03-12,Polish,Poland,9.0,10.0,Global Event
2020-03-13,Polish,Poland,18.0,19.0,First death
2020-03-14,Polish,Poland,19.0,20.0,
2020-03-15,Polish,Poland,36.0,17.0,
2020-03-16,Polish,Poland,21.0,19.0,
2020-03-17,Polish,Poland,52.0,20.0,
2020-03-18,Polish,Poland,61.0,22.0,
2020-03-19,Polish,Poland,49.0,38.0,
2020-03-20,Polish,Poland,68.0,27.0,
2020-03-21,Polish,Poland,70.0,11.0,
2020-03-22,Polish,Poland,111.0,17.0,
2020-03-23,Polish,Poland,98.0,22.0,
2020-03-24,Polish,Poland,115.0,9.0,
2020-03-25,Polish,Poland,152.0,9.0,
2020-03-26,Polish,Poland,150.0,10.0,
2020-03-27,Polish,Poland,170.0,6.0,
2020-03-28,Polish,Poland,168.0,15.0,
2020-03-29,Polish,Poland,249.0,12.0,
2020-03-30,Polish,Poland,224.0,8.0,
2020-03-31,Polish,Poland,193.0,4.0,
2020-04-01,Polish,Poland,256.0,9.0,
2020-04-02,Polish,Poland,243.0,15.0,
2020-04-03,Polish,Poland,392.0,5.0,
2020-04-04,Polish,Poland,437.0,1.0,
2020-04-05,Polish,Poland,244.0,7.0,
2020-04-06,Polish,Poland,475.0,2.0,
2020-04-07,Polish,Poland,311.0,2.0,
2020-04-08,Polish,Poland,435.0,4.0,
2020-04-09,Polish,Poland,357.0,10.0,
2020-04-10,Polish,Poland,370.0,1.0,
2020-04-11,Polish,Poland,380.0,9.0,
2020-04-12,Polish,Poland,401.0,13.0,
2020-04-13,Polish,Poland,318.0,13.0,
2020-04-14,Polish,Poland,260.0,9.0,
2020-04-15,Polish,Poland,268.0,15.0,
2020-04-16,Polish,Poland,380.0,11.0,
2020-04-17,Polish,Poland,336.0,6.0,
2020-04-18,Polish,Poland,461.0,10.0,
2020-04-19,Polish,Poland,363.0,11.0,
2020-04-20,Polish,Poland,545.0,4.0,
2019-12-31,Russian,Russia,0.0,0.0,Global Event
2020-01-01,Russian,Russia,0.0,0.0,
2020-01-02,Russian,Russia,0.0,0.0,
2020-01-03,Russian,Russia,0.0,0.0,
2020-01-04,Russian,Russia,0.0,0.0,
2020-01-05,Russian,Russia,0.0,0.0,
2020-01-06,Russian,Russia,0.0,0.0,
2020-01-07,Russian,Russia,0.0,0.0,Global Event
2020-01-08,Russian,Russia,0.0,0.0,
2020-01-09,Russian,Russia,0.0,0.0,
2020-01-10,Russian,Russia,0.0,0.0,
2020-01-11,Russian,Russia,0.0,0.0,
2020-01-12,Russian,Russia,0.0,0.0,
2020-01-13,Russian,Russia,0.0,0.0,
2020-01-14,Russian,Russia,0.0,0.0,
2020-01-15,Russian,Russia,0.0,0.0,
2020-01-16,Russian,Russia,0.0,0.0,
2020-01-17,Russian,Russia,0.0,0.0,
2020-01-18,Russian,Russia,0.0,0.0,
2020-01-19,Russian,Russia,0.0,0.0,
2020-01-20,Russian,Russia,0.0,0.0,
2020-01-21,Russian,Russia,0.0,18.0,
2020-01-22,Russian,Russia,0.0,14.0,
2020-01-23,Russian,Russia,0.0,106.0,
2020-01-24,Russian,Russia,0.0,130.0,
2020-01-25,Russian,Russia,0.0,150.0,
2020-01-26,Russian,Russia,0.0,92.0,
2020-01-27,Russian,Russia,0.0,99.0,
2020-01-28,Russian,Russia,0.0,66.0,
2020-01-29,Russian,Russia,0.0,85.0,
2020-01-30,Russian,Russia,0.0,88.0,Global Event
2020-01-31,Russian,Russia,0.0,84.0,
2020-02-01,Russian,Russia,2.0,74.0,First case
2020-02-02,Russian,Russia,0.0,52.0,
2020-02-03,Russian,Russia,0.0,19.0,
2020-02-04,Russian,Russia,0.0,40.0,
2020-02-05,Russian,Russia,0.0,29.0,
2020-02-06,Russian,Russia,0.0,23.0,
2020-02-07,Russian,Russia,0.0,45.0,
2020-02-08,Russian,Russia,0.0,52.0,
2020-02-09,Russian,Russia,0.0,40.0,
2020-02-10,Russian,Russia,0.0,58.0,
2020-02-11,Russian,Russia,0.0,43.0,
2020-02-12,Russian,Russia,0.0,64.0,
2020-02-13,Russian,Russia,0.0,76.0,
2020-02-14,Russian,Russia,0.0,98.0,
2020-02-15,Russian,Russia,0.0,107.0,
2020-02-16,Russian,Russia,0.0,33.0,
2020-02-17,Russian,Russia,0.0,67.0,
2020-02-18,Russian,Russia,0.0,36.0,
2020-02-19,Russian,Russia,0.0,32.0,
2020-02-20,Russian,Russia,0.0,28.0,
2020-02-21,Russian,Russia,0.0,34.0,
2020-02-22,Russian,Russia,0.0,47.0,
2020-02-23,Russian,Russia,0.0,65.0,
2020-02-24,Russian,Russia,0.0,68.0,
2020-02-25,Russian,Russia,0.0,96.0,
2020-02-26,Russian,Russia,0.0,182.0,
2020-02-27,Russian,Russia,0.0,134.0,
2020-02-28,Russian,Russia,0.0,167.0,
2020-02-29,Russian,Russia,0.0,118.0,
2020-03-01,Russian,Russia,0.0,113.0,
2020-03-02,Russian,Russia,0.0,143.0,
2020-03-03,Russian,Russia,1.0,132.0,
2020-03-04,Russian,Russia,1.0,61.0,
2020-03-05,Russian,Russia,0.0,28.0,
2020-03-06,Russian,Russia,0.0,83.0,
2020-03-07,Russian,Russia,6.0,60.0,
2020-03-08,Russian,Russia,0.0,99.0,
2020-03-09,Russian,Russia,0.0,85.0,
2020-03-10,Russian,Russia,0.0,74.0,
2020-03-11,Russian,Russia,0.0,188.0,
2020-03-12,Russian,Russia,15.0,196.0,Global Event
2020-03-13,Russian,Russia,5.0,234.0,
2020-03-14,Russian,Russia,15.0,176.0,
2020-03-15,Russian,Russia,14.0,178.0,
2020-03-16,Russian,Russia,4.0,101.0,
2020-03-17,Russian,Russia,30.0,115.0,
2020-03-18,Russian,Russia,21.0,94.0,
2020-03-19,Russian,Russia,33.0,114.0,
2020-03-20,Russian,Russia,52.0,72.0,
2020-03-21,Russian,Russia,54.0,111.0,
2020-03-22,Russian,Russia,53.0,88.0,
2020-03-23,Russian,Russia,132.0,90.0,
2020-03-24,Russian,Russia,0.0,103.0,
2020-03-25,Russian,Russia,57.0,84.0,
2020-03-26,Russian,Russia,163.0,77.0,
2020-03-27,Russian,Russia,182.0,90.0,First death
2020-03-28,Russian,Russia,196.0,139.0,
2020-03-29,Russian,Russia,228.0,47.0,
2020-03-30,Russian,Russia,270.0,30.0,Lockdown
2020-03-31,Russian,Russia,302.0,11.0,
2020-04-01,Russian,Russia,501.0,17.0,
2020-04-02,Russian,Russia,440.0,15.0,
2020-04-03,Russian,Russia,771.0,18.0,
2020-04-04,Russian,Russia,601.0,21.0,
2020-04-05,Russian,Russia,582.0,7.0,
2020-04-06,Russian,Russia,658.0,17.0,
2020-04-07,Russian,Russia,954.0,14.0,
2020-04-08,Russian,Russia,1154.0,19.0,
2020-04-09,Russian,Russia,1175.0,8.0,
2020-04-10,Russian,Russia,1459.0,10.0,
2020-04-11,Russian,Russia,1786.0,30.0,
2020-04-12,Russian,Russia,1667.0,12.0,
2020-04-13,Russian,Russia,2186.0,5.0,
2020-04-14,Russian,Russia,2558.0,7.0,
2020-04-15,Russian,Russia,2774.0,10.0,
2020-04-16,Russian,Russia,3388.0,11.0,
2020-04-17,Russian,Russia,3448.0,4.0,
2020-04-18,Russian,Russia,4070.0,6.0,
2020-04-19,Russian,Russia,4785.0,8.0,
2020-04-20,Russian,Russia,6060.0,6.0,
2019-12-31,Thai,Thailand,0.0,0.0,Global Event
2020-01-01,Thai,Thailand,0.0,0.0,
2020-01-02,Thai,Thailand,0.0,0.0,
2020-01-03,Thai,Thailand,0.0,0.0,
2020-01-04,Thai,Thailand,0.0,0.0,
2020-01-05,Thai,Thailand,0.0,0.0,
2020-01-06,Thai,Thailand,0.0,0.0,
2020-01-07,Thai,Thailand,0.0,0.0,Global Event
2020-01-08,Thai,Thailand,0.0,0.0,
2020-01-09,Thai,Thailand,0.0,0.0,
2020-01-10,Thai,Thailand,0.0,0.0,
2020-01-11,Thai,Thailand,0.0,0.0,
2020-01-12,Thai,Thailand,0.0,0.0,
2020-01-13,Thai,Thailand,1.0,0.0,First case
2020-01-14,Thai,Thailand,0.0,0.0,
2020-01-15,Thai,Thailand,0.0,0.0,
2020-01-16,Thai,Thailand,0.0,0.0,
2020-01-17,Thai,Thailand,1.0,0.0,
2020-01-18,Thai,Thailand,0.0,0.0,
2020-01-19,Thai,Thailand,0.0,0.0,
2020-01-20,Thai,Thailand,0.0,0.0,
2020-01-21,Thai,Thailand,0.0,0.0,
2020-01-22,Thai,Thailand,2.0,8.0,
2020-01-23,Thai,Thailand,0.0,21.0,
2020-01-24,Thai,Thailand,0.0,22.0,
2020-01-25,Thai,Thailand,1.0,25.0,
2020-01-26,Thai,Thailand,0.0,50.0,
2020-01-27,Thai,Thailand,3.0,4.0,
2020-01-28,Thai,Thailand,6.0,25.0,
2020-01-29,Thai,Thailand,0.0,9.0,
2020-01-30,Thai,Thailand,0.0,14.0,Global Event
2020-01-31,Thai,Thailand,0.0,10.0,
2020-02-01,Thai,Thailand,5.0,1.0,
2020-02-02,Thai,Thailand,0.0,13.0,
2020-02-03,Thai,Thailand,0.0,1.0,
2020-02-04,Thai,Thailand,0.0,4.0,
2020-02-05,Thai,Thailand,6.0,0.0,
2020-02-06,Thai,Thailand,0.0,1.0,
2020-02-07,Thai,Thailand,0.0,0.0,
2020-02-08,Thai,Thailand,7.0,3.0,
2020-02-09,Thai,Thailand,0.0,3.0,
2020-02-10,Thai,Thailand,0.0,0.0,
2020-02-11,Thai,Thailand,0.0,0.0,
2020-02-12,Thai,Thailand,1.0,2.0,
2020-02-13,Thai,Thailand,0.0,7.0,
2020-02-14,Thai,Thailand,0.0,0.0,
2020-02-15,Thai,Thailand,1.0,0.0,
2020-02-16,Thai,Thailand,0.0,0.0,
2020-02-17,Thai,Thailand,0.0,0.0,
2020-02-18,Thai,Thailand,1.0,0.0,
2020-02-19,Thai,Thailand,0.0,0.0,
2020-02-20,Thai,Thailand,0.0,0.0,
2020-02-21,Thai,Thailand,0.0,0.0,
2020-02-22,Thai,Thailand,0.0,0.0,
2020-02-23,Thai,Thailand,0.0,6.0,
2020-02-24,Thai,Thailand,0.0,1.0,
2020-02-25,Thai,Thailand,2.0,0.0,
2020-02-26,Thai,Thailand,3.0,1.0,
2020-02-27,Thai,Thailand,0.0,0.0,
2020-02-28,Thai,Thailand,0.0,0.0,
2020-02-29,Thai,Thailand,2.0,0.0,
2020-03-01,Thai,Thailand,0.0,8.0,First death
2020-03-02,Thai,Thailand,1.0,0.0,
2020-03-03,Thai,Thailand,0.0,4.0,
2020-03-04,Thai,Thailand,0.0,0.0,
2020-03-05,Thai,Thailand,4.0,0.0,
2020-03-06,Thai,Thailand,0.0,1.0,
2020-03-07,Thai,Thailand,3.0,1.0,
2020-03-08,Thai,Thailand,0.0,1.0,
2020-03-09,Thai,Thailand,0.0,0.0,
2020-03-10,Thai,Thailand,0.0,0.0,
2020-03-11,Thai,Thailand,9.0,0.0,
2020-03-12,Thai,Thailand,11.0,2.0,Global Event
2020-03-13,Thai,Thailand,0.0,14.0,
2020-03-14,Thai,Thailand,12.0,1.0,
2020-03-15,Thai,Thailand,0.0,4.0,
2020-03-16,Thai,Thailand,32.0,2.0,
2020-03-17,Thai,Thailand,63.0,14.0,
2020-03-18,Thai,Thailand,0.0,6.0,
2020-03-19,Thai,Thailand,0.0,13.0,
2020-03-20,Thai,Thailand,35.0,28.0,
2020-03-21,Thai,Thailand,154.0,22.0,
2020-03-22,Thai,Thailand,233.0,31.0,
2020-03-23,Thai,Thailand,122.0,3.0,
2020-03-24,Thai,Thailand,106.0,10.0,
2020-03-25,Thai,Thailand,107.0,8.0,
2020-03-26,Thai,Thailand,111.0,5.0,Lockdown
2020-03-27,Thai,Thailand,91.0,6.0,
2020-03-28,Thai,Thailand,0.0,8.0,
2020-03-29,Thai,Thailand,109.0,3.0,
2020-03-30,Thai,Thailand,143.0,2.0,
2020-03-31,Thai,Thailand,263.0,9.0,
2020-04-01,Thai,Thailand,0.0,2.0,
2020-04-02,Thai,Thailand,120.0,1.0,
2020-04-03,Thai,Thailand,104.0,1.0,
2020-04-04,Thai,Thailand,103.0,2.0,
2020-04-05,Thai,Thailand,191.0,2.0,
2020-04-06,Thai,Thailand,51.0,1.0,
2020-04-07,Thai,Thailand,38.0,1.0,
2020-04-08,Thai,Thailand,111.0,0.0,
2020-04-09,Thai,Thailand,54.0,1.0,
2020-04-10,Thai,Thailand,50.0,1.0,
2020-04-11,Thai,Thailand,45.0,2.0,
2020-04-12,Thai,Thailand,33.0,3.0,
2020-04-13,Thai,Thailand,28.0,2.0,
2020-04-14,Thai,Thailand,34.0,1.0,
2020-04-15,Thai,Thailand,30.0,0.0,
2020-04-16,Thai,Thailand,29.0,1.0,
2020-04-17,Thai,Thailand,28.0,0.0,
2020-04-18,Thai,Thailand,0.0,0.0,
2020-04-19,Thai,Thailand,33.0,0.0,
2020-04-20,Thai,Thailand,32.0,1.0,
2019-12-31,Turkish,Turkey,0.0,0.0,Global Event
2020-01-01,Turkish,Turkey,0.0,0.0,
2020-01-02,Turkish,Turkey,0.0,0.0,
2020-01-03,Turkish,Turkey,0.0,0.0,
2020-01-04,Turkish,Turkey,0.0,0.0,
2020-01-05,Turkish,Turkey,0.0,0.0,
2020-01-06,Turkish,Turkey,0.0,0.0,
2020-01-07,Turkish,Turkey,0.0,0.0,Global Event
2020-01-08,Turkish,Turkey,0.0,0.0,
2020-01-09,Turkish,Turkey,0.0,0.0,
2020-01-10,Turkish,Turkey,0.0,0.0,
2020-01-11,Turkish,Turkey,0.0,0.0,
2020-01-12,Turkish,Turkey,0.0,0.0,
2020-01-13,Turkish,Turkey,0.0,0.0,
2020-01-14,Turkish,Turkey,0.0,0.0,
2020-01-15,Turkish,Turkey,0.0,0.0,
2020-01-16,Turkish,Turkey,0.0,0.0,
2020-01-17,Turkish,Turkey,0.0,0.0,
2020-01-18,Turkish,Turkey,0.0,0.0,
2020-01-19,Turkish,Turkey,0.0,0.0,
2020-01-20,Turkish,Turkey,0.0,0.0,
2020-01-21,Turkish,Turkey,0.0,0.0,
2020-01-22,Turkish,Turkey,0.0,0.0,
2020-01-23,Turkish,Turkey,0.0,3.0,
2020-01-24,Turkish,Turkey,0.0,3.0,
2020-01-25,Turkish,Turkey,0.0,0.0,
2020-01-26,Turkish,Turkey,0.0,1.0,
2020-01-27,Turkish,Turkey,0.0,3.0,
2020-01-28,Turkish,Turkey,0.0,0.0,
2020-01-29,Turkish,Turkey,0.0,9.0,
2020-01-30,Turkish,Turkey,0.0,20.0,Global Event
2020-01-31,Turkish,Turkey,0.0,29.0,
2020-02-01,Turkish,Turkey,0.0,10.0,
2020-02-02,Turkish,Turkey,0.0,12.0,
2020-02-03,Turkish,Turkey,0.0,2.0,
2020-02-04,Turkish,Turkey,0.0,0.0,
2020-02-05,Turkish,Turkey,0.0,7.0,
2020-02-06,Turkish,Turkey,0.0,0.0,
2020-02-07,Turkish,Turkey,0.0,3.0,
2020-02-08,Turkish,Turkey,0.0,1.0,
2020-02-09,Turkish,Turkey,0.0,7.0,
2020-02-10,Turkish,Turkey,0.0,0.0,
2020-02-11,Turkish,Turkey,0.0,4.0,
2020-02-12,Turkish,Turkey,0.0,1.0,
2020-02-13,Turkish,Turkey,0.0,5.0,
2020-02-14,Turkish,Turkey,0.0,3.0,
2020-02-15,Turkish,Turkey,0.0,5.0,
2020-02-16,Turkish,Turkey,0.0,3.0,
2020-02-17,Turkish,Turkey,0.0,0.0,
2020-02-18,Turkish,Turkey,0.0,1.0,
2020-02-19,Turkish,Turkey,0.0,3.0,
2020-02-20,Turkish,Turkey,0.0,0.0,
2020-02-21,Turkish,Turkey,0.0,3.0,
2020-02-22,Turkish,Turkey,0.0,8.0,
2020-02-23,Turkish,Turkey,0.0,3.0,
2020-02-24,Turkish,Turkey,0.0,3.0,
2020-02-25,Turkish,Turkey,0.0,6.0,
2020-02-26,Turkish,Turkey,0.0,5.0,
2020-02-27,Turkish,Turkey,0.0,3.0,
2020-02-28,Turkish,Turkey,0.0,6.0,
2020-02-29,Turkish,Turkey,0.0,7.0,
2020-03-01,Turkish,Turkey,0.0,5.0,
2020-03-02,Turkish,Turkey,0.0,2.0,
2020-03-03,Turkish,Turkey,0.0,3.0,
2020-03-04,Turkish,Turkey,0.0,7.0,
2020-03-05,Turkish,Turkey,0.0,2.0,
2020-03-06,Turkish,Turkey,0.0,6.0,
2020-03-07,Turkish,Turkey,0.0,0.0,
2020-03-08,Turkish,Turkey,0.0,3.0,
2020-03-09,Turkish,Turkey,0.0,1.0,
2020-03-10,Turkish,Turkey,0.0,6.0,
2020-03-11,Turkish,Turkey,0.0,7.0,
2020-03-12,Turkish,Turkey,1.0,10.0,Global Event
2020-03-13,Turkish,Turkey,1.0,15.0,
2020-03-14,Turkish,Turkey,0.0,21.0,
2020-03-15,Turkish,Turkey,0.0,19.0,
2020-03-16,Turkish,Turkey,16.0,20.0,
2020-03-17,Turkish,Turkey,29.0,37.0,
2020-03-18,Turkish,Turkey,51.0,27.0,
2020-03-19,Turkish,Turkey,93.0,15.0,First death
2020-03-20,Turkish,Turkey,168.0,19.0,
2020-03-21,Turkish,Turkey,311.0,21.0,
2020-03-22,Turkish,Turkey,277.0,23.0,
2020-03-23,Turkish,Turkey,289.0,5.0,
2020-03-24,Turkish,Turkey,293.0,10.0,
2020-03-25,Turkish,Turkey,343.0,17.0,
2020-03-26,Turkish,Turkey,561.0,9.0,
2020-03-27,Turkish,Turkey,1196.0,6.0,
2020-03-28,Turkish,Turkey,2069.0,5.0,
2020-03-29,Turkish,Turkey,1704.0,3.0,
2020-03-30,Turkish,Turkey,1815.0,2.0,
2020-03-31,Turkish,Turkey,1610.0,5.0,Lockdown
2020-04-01,Turkish,Turkey,2704.0,9.0,
2020-04-02,Turkish,Turkey,2148.0,6.0,
2020-04-03,Turkish,Turkey,2456.0,5.0,
2020-04-04,Turkish,Turkey,2786.0,11.0,
2020-04-05,Turkish,Turkey,3013.0,7.0,
2020-04-06,Turkish,Turkey,3135.0,2.0,
2020-04-07,Turkish,Turkey,3148.0,2.0,
2020-04-08,Turkish,Turkey,3892.0,1.0,
2020-04-09,Turkish,Turkey,4117.0,2.0,
2020-04-10,Turkish,Turkey,4056.0,10.0,
2020-04-11,Turkish,Turkey,4747.0,1.0,
2020-04-12,Turkish,Turkey,5138.0,0.0,
2020-04-13,Turkish,Turkey,4789.0,0.0,
2020-04-14,Turkish,Turkey,4093.0,0.0,
2020-04-15,Turkish,Turkey,4062.0,2.0,
2020-04-16,Turkish,Turkey,4281.0,3.0,
2020-04-17,Turkish,Turkey,4801.0,6.0,
2020-04-18,Turkish,Turkey,4353.0,0.0,
2020-04-19,Turkish,Turkey,3783.0,1.0,
2020-04-20,Turkish,Turkey,3977.0,2.0,
2019-12-31,Swahili,Tanzania,0.0,0.0,Global Event
2020-01-01,Swahili,Tanzania,0.0,0.0,
2020-01-02,Swahili,Tanzania,0.0,0.0,
2020-01-03,Swahili,Tanzania,0.0,0.0,
2020-01-04,Swahili,Tanzania,0.0,0.0,
2020-01-05,Swahili,Tanzania,0.0,0.0,
2020-01-06,Swahili,Tanzania,0.0,0.0,
2020-01-07,Swahili,Tanzania,0.0,0.0,Global Event
2020-01-08,Swahili,Tanzania,0.0,0.0,
2020-01-09,Swahili,Tanzania,0.0,0.0,
2020-01-10,Swahili,Tanzania,0.0,0.0,
2020-01-11,Swahili,Tanzania,0.0,0.0,
2020-01-12,Swahili,Tanzania,0.0,0.0,
2020-01-13,Swahili,Tanzania,0.0,0.0,
2020-01-14,Swahili,Tanzania,0.0,0.0,
2020-01-15,Swahili,Tanzania,0.0,0.0,
2020-01-16,Swahili,Tanzania,0.0,0.0,
2020-01-17,Swahili,Tanzania,0.0,0.0,
2020-01-18,Swahili,Tanzania,0.0,0.0,
2020-01-19,Swahili,Tanzania,0.0,0.0,
2020-01-20,Swahili,Tanzania,0.0,0.0,
2020-01-21,Swahili,Tanzania,0.0,0.0,
2020-01-22,Swahili,Tanzania,0.0,0.0,
2020-01-23,Swahili,Tanzania,0.0,0.0,
2020-01-24,Swahili,Tanzania,0.0,0.0,
2020-01-25,Swahili,Tanzania,0.0,0.0,
2020-01-26,Swahili,Tanzania,0.0,0.0,
2020-01-27,Swahili,Tanzania,0.0,0.0,
2020-01-28,Swahili,Tanzania,0.0,0.0,
2020-01-29,Swahili,Tanzania,0.0,0.0,
2020-01-30,Swahili,Tanzania,0.0,0.0,Global Event
2020-01-31,Swahili,Tanzania,0.0,0.0,
2020-02-01,Swahili,Tanzania,0.0,0.0,
2020-02-02,Swahili,Tanzania,0.0,0.0,
2020-02-03,Swahili,Tanzania,0.0,0.0,
2020-02-04,Swahili,Tanzania,0.0,0.0,
2020-02-05,Swahili,Tanzania,0.0,0.0,
2020-02-06,Swahili,Tanzania,0.0,0.0,
2020-02-07,Swahili,Tanzania,0.0,0.0,
2020-02-08,Swahili,Tanzania,0.0,3.0,
2020-02-09,Swahili,Tanzania,0.0,0.0,
2020-02-10,Swahili,Tanzania,0.0,0.0,
2020-02-11,Swahili,Tanzania,0.0,0.0,
2020-02-12,Swahili,Tanzania,0.0,0.0,
2020-02-13,Swahili,Tanzania,0.0,0.0,
2020-02-14,Swahili,Tanzania,0.0,0.0,
2020-02-15,Swahili,Tanzania,0.0,0.0,
2020-02-16,Swahili,Tanzania,0.0,1.0,
2020-02-17,Swahili,Tanzania,0.0,0.0,
2020-02-18,Swahili,Tanzania,0.0,0.0,
2020-02-19,Swahili,Tanzania,0.0,0.0,
2020-02-20,Swahili,Tanzania,0.0,0.0,
2020-02-21,Swahili,Tanzania,0.0,0.0,
2020-02-22,Swahili,Tanzania,0.0,0.0,
2020-02-23,Swahili,Tanzania,0.0,0.0,
2020-02-24,Swahili,Tanzania,0.0,1.0,
2020-02-25,Swahili,Tanzania,0.0,0.0,
2020-02-26,Swahili,Tanzania,0.0,0.0,
2020-02-27,Swahili,Tanzania,0.0,0.0,
2020-02-28,Swahili,Tanzania,0.0,0.0,
2020-02-29,Swahili,Tanzania,0.0,2.0,
2020-03-01,Swahili,Tanzania,0.0,0.0,
2020-03-02,Swahili,Tanzania,0.0,0.0,
2020-03-03,Swahili,Tanzania,0.0,0.0,
2020-03-04,Swahili,Tanzania,0.0,0.0,
2020-03-05,Swahili,Tanzania,0.0,0.0,
2020-03-06,Swahili,Tanzania,0.0,0.0,
2020-03-07,Swahili,Tanzania,0.0,0.0,
2020-03-08,Swahili,Tanzania,0.0,0.0,
2020-03-09,Swahili,Tanzania,0.0,0.0,
2020-03-10,Swahili,Tanzania,0.0,0.0,
2020-03-11,Swahili,Tanzania,0.0,0.0,
2020-03-12,Swahili,Tanzania,0.0,0.0,Global Event
2020-03-13,Swahili,Tanzania,0.0,0.0,
2020-03-14,Swahili,Tanzania,0.0,0.0,
2020-03-15,Swahili,Tanzania,0.0,0.0,
2020-03-16,Swahili,Tanzania,0.0,0.0,
2020-03-17,Swahili,Tanzania,1.0,0.0,First case
2020-03-18,Swahili,Tanzania,0.0,0.0,
2020-03-19,Swahili,Tanzania,2.0,0.0,
2020-03-20,Swahili,Tanzania,0.0,0.0,
2020-03-21,Swahili,Tanzania,0.0,0.0,
2020-03-22,Swahili,Tanzania,3.0,0.0,
2020-03-23,Swahili,Tanzania,6.0,5.0,
2020-03-24,Swahili,Tanzania,0.0,1.0,
2020-03-25,Swahili,Tanzania,0.0,0.0,
2020-03-26,Swahili,Tanzania,0.0,0.0,
2020-03-27,Swahili,Tanzania,1.0,2.0,
2020-03-28,Swahili,Tanzania,0.0,0.0,
2020-03-29,Swahili,Tanzania,0.0,0.0,First death
2020-03-30,Swahili,Tanzania,1.0,0.0,
2020-03-31,Swahili,Tanzania,5.0,2.0,
2020-04-01,Swahili,Tanzania,0.0,0.0,
2020-04-02,Swahili,Tanzania,1.0,0.0,
2020-04-03,Swahili,Tanzania,1.0,0.0,
2020-04-04,Swahili,Tanzania,0.0,0.0,
2020-04-05,Swahili,Tanzania,0.0,0.0,
2020-04-06,Swahili,Tanzania,1.0,0.0,
2020-04-07,Swahili,Tanzania,2.0,0.0,
2020-04-08,Swahili,Tanzania,0.0,0.0,
2020-04-09,Swahili,Tanzania,1.0,0.0,
2020-04-10,Swahili,Tanzania,0.0,0.0,
2020-04-11,Swahili,Tanzania,7.0,0.0,
2020-04-12,Swahili,Tanzania,0.0,0.0,
2020-04-13,Swahili,Tanzania,0.0,1.0,
2020-04-14,Swahili,Tanzania,14.0,0.0,
2020-04-15,Swahili,Tanzania,7.0,0.0,
2020-04-16,Swahili,Tanzania,35.0,0.0,
2020-04-17,Swahili,Tanzania,6.0,0.0,
2020-04-18,Swahili,Tanzania,53.0,0.0,
2020-04-19,Swahili,Tanzania,1.0,0.0,
2020-04-20,Swahili,Tanzania,22.0,0.0,
2019-12-31,Bengali,Bangladesh,0.0,0.0,Global Event
2020-01-01,Bengali,Bangladesh,0.0,0.0,
2020-01-02,Bengali,Bangladesh,0.0,0.0,
2020-01-03,Bengali,Bangladesh,0.0,0.0,
2020-01-04,Bengali,Bangladesh,0.0,0.0,
2020-01-05,Bengali,Bangladesh,0.0,0.0,
2020-01-06,Bengali,Bangladesh,0.0,0.0,
2020-01-07,Bengali,Bangladesh,0.0,0.0,Global Event
2020-01-08,Bengali,Bangladesh,0.0,0.0,
2020-01-09,Bengali,Bangladesh,0.0,0.0,
2020-01-10,Bengali,Bangladesh,0.0,0.0,
2020-01-11,Bengali,Bangladesh,0.0,0.0,
2020-01-12,Bengali,Bangladesh,0.0,0.0,
2020-01-13,Bengali,Bangladesh,0.0,0.0,
2020-01-14,Bengali,Bangladesh,0.0,0.0,
2020-01-15,Bengali,Bangladesh,0.0,0.0,
2020-01-16,Bengali,Bangladesh,0.0,0.0,
2020-01-17,Bengali,Bangladesh,0.0,0.0,
2020-01-18,Bengali,Bangladesh,0.0,0.0,
2020-01-19,Bengali,Bangladesh,0.0,0.0,
2020-01-20,Bengali,Bangladesh,0.0,0.0,
2020-01-21,Bengali,Bangladesh,0.0,0.0,
2020-01-22,Bengali,Bangladesh,0.0,0.0,
2020-01-23,Bengali,Bangladesh,0.0,0.0,
2020-01-24,Bengali,Bangladesh,0.0,0.0,
2020-01-25,Bengali,Bangladesh,0.0,6.0,
2020-01-26,Bengali,Bangladesh,0.0,3.0,
2020-01-27,Bengali,Bangladesh,0.0,12.0,
2020-01-28,Bengali,Bangladesh,0.0,21.0,
2020-01-29,Bengali,Bangladesh,0.0,2.0,
2020-01-30,Bengali,Bangladesh,0.0,2.0,Global Event
2020-01-31,Bengali,Bangladesh,0.0,0.0,
2020-02-01,Bengali,Bangladesh,0.0,4.0,
2020-02-02,Bengali,Bangladesh,0.0,0.0,
2020-02-03,Bengali,Bangladesh,0.0,0.0,
2020-02-04,Bengali,Bangladesh,0.0,0.0,
2020-02-05,Bengali,Bangladesh,0.0,4.0,
2020-02-06,Bengali,Bangladesh,0.0,2.0,
2020-02-07,Bengali,Bangladesh,0.0,0.0,
2020-02-08,Bengali,Bangladesh,0.0,0.0,
2020-02-09,Bengali,Bangladesh,0.0,1.0,
2020-02-10,Bengali,Bangladesh,0.0,0.0,
2020-02-11,Bengali,Bangladesh,0.0,0.0,
2020-02-12,Bengali,Bangladesh,0.0,2.0,
2020-02-13,Bengali,Bangladesh,0.0,3.0,
2020-02-14,Bengali,Bangladesh,0.0,2.0,
2020-02-15,Bengali,Bangladesh,0.0,1.0,
2020-02-16,Bengali,Bangladesh,0.0,5.0,
2020-02-17,Bengali,Bangladesh,0.0,0.0,
2020-02-18,Bengali,Bangladesh,0.0,2.0,
2020-02-19,Bengali,Bangladesh,0.0,1.0,
2020-02-20,Bengali,Bangladesh,0.0,4.0,
2020-02-21,Bengali,Bangladesh,0.0,2.0,
2020-02-22,Bengali,Bangladesh,0.0,0.0,
2020-02-23,Bengali,Bangladesh,0.0,2.0,
2020-02-24,Bengali,Bangladesh,0.0,1.0,
2020-02-25,Bengali,Bangladesh,0.0,0.0,
2020-02-26,Bengali,Bangladesh,0.0,0.0,
2020-02-27,Bengali,Bangladesh,0.0,0.0,
2020-02-28,Bengali,Bangladesh,0.0,0.0,
2020-02-29,Bengali,Bangladesh,0.0,1.0,
2020-03-01,Bengali,Bangladesh,0.0,0.0,
2020-03-02,Bengali,Bangladesh,0.0,0.0,
2020-03-03,Bengali,Bangladesh,0.0,0.0,
2020-03-04,Bengali,Bangladesh,0.0,0.0,
2020-03-05,Bengali,Bangladesh,0.0,1.0,
2020-03-06,Bengali,Bangladesh,0.0,0.0,
2020-03-07,Bengali,Bangladesh,0.0,0.0,
2020-03-08,Bengali,Bangladesh,0.0,5.0,
2020-03-09,Bengali,Bangladesh,3.0,2.0,First case
2020-03-10,Bengali,Bangladesh,0.0,7.0,
2020-03-11,Bengali,Bangladesh,0.0,0.0,
2020-03-12,Bengali,Bangladesh,0.0,0.0,Global Event
2020-03-13,Bengali,Bangladesh,0.0,6.0,
2020-03-14,Bengali,Bangladesh,0.0,2.0,
2020-03-15,Bengali,Bangladesh,0.0,3.0,
2020-03-16,Bengali,Bangladesh,0.0,4.0,
2020-03-17,Bengali,Bangladesh,2.0,7.0,
2020-03-18,Bengali,Bangladesh,3.0,14.0,
2020-03-19,Bengali,Bangladesh,2.0,10.0,Lockdown
2020-03-20,Bengali,Bangladesh,0.0,15.0,
2020-03-21,Bengali,Bangladesh,7.0,16.0,
2020-03-22,Bengali,Bangladesh,7.0,11.0,First death
2020-03-23,Bengali,Bangladesh,3.0,7.0,
2020-03-24,Bengali,Bangladesh,6.0,8.0,
2020-03-25,Bengali,Bangladesh,6.0,28.0,
2020-03-26,Bengali,Bangladesh,0.0,6.0,
2020-03-27,Bengali,Bangladesh,9.0,9.0,
2020-03-28,Bengali,Bangladesh,0.0,1.0,
2020-03-29,Bengali,Bangladesh,0.0,2.0,
2020-03-30,Bengali,Bangladesh,1.0,2.0,
2020-03-31,Bengali,Bangladesh,0.0,2.0,
2020-04-01,Bengali,Bangladesh,2.0,2.0,
2020-04-02,Bengali,Bangladesh,3.0,2.0,
2020-04-03,Bengali,Bangladesh,2.0,3.0,
2020-04-04,Bengali,Bangladesh,5.0,1.0,
2020-04-05,Bengali,Bangladesh,9.0,2.0,
2020-04-06,Bengali,Bangladesh,18.0,2.0,
2020-04-07,Bengali,Bangladesh,35.0,3.0,
2020-04-08,Bengali,Bangladesh,41.0,1.0,
2020-04-09,Bengali,Bangladesh,54.0,0.0,
2020-04-10,Bengali,Bangladesh,112.0,2.0,
2020-04-11,Bengali,Bangladesh,94.0,4.0,
2020-04-12,Bengali,Bangladesh,58.0,2.0,
2020-04-13,Bengali,Bangladesh,139.0,1.0,
2020-04-14,Bengali,Bangladesh,182.0,2.0,
2020-04-15,Bengali,Bangladesh,209.0,2.0,
2020-04-16,Bengali,Bangladesh,219.0,1.0,
2020-04-17,Bengali,Bangladesh,341.0,2.0,
2020-04-18,Bengali,Bangladesh,266.0,0.0,
2020-04-19,Bengali,Bangladesh,306.0,1.0,
2020-04-20,Bengali,Bangladesh,312.0,2.0,
2019-12-31,Indonesian,Indonesia,0.0,0.0,Global Event
2020-01-01,Indonesian,Indonesia,0.0,0.0,
2020-01-02,Indonesian,Indonesia,0.0,0.0,
2020-01-03,Indonesian,Indonesia,0.0,0.0,
2020-01-04,Indonesian,Indonesia,0.0,0.0,
2020-01-05,Indonesian,Indonesia,0.0,0.0,
2020-01-06,Indonesian,Indonesia,0.0,0.0,
2020-01-07,Indonesian,Indonesia,0.0,0.0,Global Event
2020-01-08,Indonesian,Indonesia,0.0,0.0,
2020-01-09,Indonesian,Indonesia,0.0,0.0,
2020-01-10,Indonesian,Indonesia,0.0,0.0,
2020-01-11,Indonesian,Indonesia,0.0,0.0,
2020-01-12,Indonesian,Indonesia,0.0,0.0,
2020-01-13,Indonesian,Indonesia,0.0,0.0,
2020-01-14,Indonesian,Indonesia,0.0,0.0,
2020-01-15,Indonesian,Indonesia,0.0,0.0,
2020-01-16,Indonesian,Indonesia,0.0,0.0,
2020-01-17,Indonesian,Indonesia,0.0,0.0,
2020-01-18,Indonesian,Indonesia,0.0,0.0,
2020-01-19,Indonesian,Indonesia,0.0,0.0,
2020-01-20,Indonesian,Indonesia,0.0,0.0,
2020-01-21,Indonesian,Indonesia,0.0,0.0,
2020-01-22,Indonesian,Indonesia,0.0,33.0,
2020-01-23,Indonesian,Indonesia,0.0,32.0,
2020-01-24,Indonesian,Indonesia,0.0,22.0,
2020-01-25,Indonesian,Indonesia,0.0,23.0,
2020-01-26,Indonesian,Indonesia,0.0,34.0,
2020-01-27,Indonesian,Indonesia,0.0,25.0,
2020-01-28,Indonesian,Indonesia,0.0,32.0,
2020-01-29,Indonesian,Indonesia,0.0,20.0,
2020-01-30,Indonesian,Indonesia,0.0,28.0,Global Event
2020-01-31,Indonesian,Indonesia,0.0,20.0,
2020-02-01,Indonesian,Indonesia,0.0,16.0,
2020-02-02,Indonesian,Indonesia,0.0,29.0,
2020-02-03,Indonesian,Indonesia,0.0,15.0,
2020-02-04,Indonesian,Indonesia,0.0,12.0,
2020-02-05,Indonesian,Indonesia,0.0,7.0,
2020-02-06,Indonesian,Indonesia,0.0,6.0,
2020-02-07,Indonesian,Indonesia,0.0,8.0,
2020-02-08,Indonesian,Indonesia,0.0,8.0,
2020-02-09,Indonesian,Indonesia,0.0,3.0,
2020-02-10,Indonesian,Indonesia,0.0,4.0,
2020-02-11,Indonesian,Indonesia,0.0,4.0,
2020-02-12,Indonesian,Indonesia,0.0,15.0,
2020-02-13,Indonesian,Indonesia,0.0,8.0,
2020-02-14,Indonesian,Indonesia,0.0,9.0,
2020-02-15,Indonesian,Indonesia,0.0,4.0,
2020-02-16,Indonesian,Indonesia,0.0,7.0,
2020-02-17,Indonesian,Indonesia,0.0,5.0,
2020-02-18,Indonesian,Indonesia,0.0,13.0,
2020-02-19,Indonesian,Indonesia,0.0,5.0,
2020-02-20,Indonesian,Indonesia,0.0,5.0,
2020-02-21,Indonesian,Indonesia,0.0,15.0,
2020-02-22,Indonesian,Indonesia,0.0,16.0,
2020-02-23,Indonesian,Indonesia,0.0,23.0,
2020-02-24,Indonesian,Indonesia,0.0,26.0,
2020-02-25,Indonesian,Indonesia,0.0,12.0,
2020-02-26,Indonesian,Indonesia,0.0,31.0,
2020-02-27,Indonesian,Indonesia,0.0,12.0,
2020-02-28,Indonesian,Indonesia,0.0,3.0,
2020-02-29,Indonesian,Indonesia,0.0,3.0,
2020-03-01,Indonesian,Indonesia,0.0,5.0,
2020-03-02,Indonesian,Indonesia,2.0,10.0,First case
2020-03-03,Indonesian,Indonesia,0.0,6.0,
2020-03-04,Indonesian,Indonesia,0.0,29.0,
2020-03-05,Indonesian,Indonesia,0.0,14.0,
2020-03-06,Indonesian,Indonesia,0.0,8.0,
2020-03-07,Indonesian,Indonesia,2.0,5.0,
2020-03-08,Indonesian,Indonesia,0.0,3.0,
2020-03-09,Indonesian,Indonesia,2.0,9.0,
2020-03-10,Indonesian,Indonesia,0.0,7.0,
2020-03-11,Indonesian,Indonesia,13.0,8.0,
2020-03-12,Indonesian,Indonesia,15.0,6.0,Global Event
2020-03-13,Indonesian,Indonesia,0.0,4.0,
2020-03-14,Indonesian,Indonesia,35.0,11.0,
2020-03-15,Indonesian,Indonesia,27.0,2.0,
2020-03-16,Indonesian,Indonesia,21.0,5.0,
2020-03-17,Indonesian,Indonesia,17.0,3.0,
2020-03-18,Indonesian,Indonesia,38.0,14.0,
2020-03-19,Indonesian,Indonesia,0.0,2.0,
2020-03-20,Indonesian,Indonesia,55.0,9.0,
2020-03-21,Indonesian,Indonesia,82.0,4.0,
2020-03-22,Indonesian,Indonesia,141.0,13.0,
2020-03-23,Indonesian,Indonesia,64.0,3.0,
2020-03-24,Indonesian,Indonesia,65.0,3.0,
2020-03-25,Indonesian,Indonesia,107.0,4.0,
2020-03-26,Indonesian,Indonesia,104.0,8.0,
2020-03-27,Indonesian,Indonesia,103.0,3.0,
2020-03-28,Indonesian,Indonesia,153.0,16.0,
2020-03-29,Indonesian,Indonesia,109.0,6.0,
2020-03-30,Indonesian,Indonesia,130.0,8.0,
2020-03-31,Indonesian,Indonesia,129.0,10.0,
2020-04-01,Indonesian,Indonesia,114.0,3.0,
2020-04-02,Indonesian,Indonesia,149.0,4.0,
2020-04-03,Indonesian,Indonesia,113.0,3.0,
2020-04-04,Indonesian,Indonesia,196.0,4.0,
2020-04-05,Indonesian,Indonesia,106.0,7.0,
2020-04-06,Indonesian,Indonesia,181.0,2.0,
2020-04-07,Indonesian,Indonesia,218.0,2.0,
2020-04-08,Indonesian,Indonesia,247.0,4.0,Lockdown
2020-04-09,Indonesian,Indonesia,218.0,5.0,
2020-04-10,Indonesian,Indonesia,337.0,8.0,
2020-04-11,Indonesian,Indonesia,219.0,2.0,
2020-04-12,Indonesian,Indonesia,330.0,4.0,
2020-04-13,Indonesian,Indonesia,399.0,3.0,
2020-04-14,Indonesian,Indonesia,316.0,2.0,
2020-04-15,Indonesian,Indonesia,282.0,4.0,
2020-04-16,Indonesian,Indonesia,297.0,6.0,
2020-04-17,Indonesian,Indonesia,380.0,2.0,
2020-04-18,Indonesian,Indonesia,407.0,3.0,
2020-04-19,Indonesian,Indonesia,325.0,5.0,
2020-04-20,Indonesian,Indonesia,327.0,4.0,
